-- MySQL dump 10.13  Distrib 8.0.45, for Linux (x86_64)
--
-- Host: 127.0.0.1    Database: sistema_erp
-- ------------------------------------------------------
-- Server version	8.0.45

/*!40101 SET @OLD_CHARACTER_SET_CLIENT=@@CHARACTER_SET_CLIENT */;
/*!40101 SET @OLD_CHARACTER_SET_RESULTS=@@CHARACTER_SET_RESULTS */;
/*!40101 SET @OLD_COLLATION_CONNECTION=@@COLLATION_CONNECTION */;
/*!50503 SET NAMES utf8mb4 */;
/*!40103 SET @OLD_TIME_ZONE=@@TIME_ZONE */;
/*!40103 SET TIME_ZONE='+00:00' */;
/*!40014 SET @OLD_UNIQUE_CHECKS=@@UNIQUE_CHECKS, UNIQUE_CHECKS=0 */;
/*!40014 SET @OLD_FOREIGN_KEY_CHECKS=@@FOREIGN_KEY_CHECKS, FOREIGN_KEY_CHECKS=0 */;
/*!40101 SET @OLD_SQL_MODE=@@SQL_MODE, SQL_MODE='NO_AUTO_VALUE_ON_ZERO' */;
/*!40111 SET @OLD_SQL_NOTES=@@SQL_NOTES, SQL_NOTES=0 */;

--
-- Table structure for table `brands`
--

DROP TABLE IF EXISTS `brands`;
/*!40101 SET @saved_cs_client     = @@character_set_client */;
/*!50503 SET character_set_client = utf8mb4 */;
CREATE TABLE `brands` (
  `id` bigint unsigned NOT NULL AUTO_INCREMENT,
  `name` varchar(20) COLLATE utf8mb4_unicode_ci NOT NULL,
  `is_active` tinyint(1) NOT NULL DEFAULT '1',
  `deleted_at` timestamp NULL DEFAULT NULL,
  `created_at` timestamp NULL DEFAULT NULL,
  `updated_at` timestamp NULL DEFAULT NULL,
  PRIMARY KEY (`id`)
) ENGINE=InnoDB AUTO_INCREMENT=16 DEFAULT CHARSET=utf8mb4 COLLATE=utf8mb4_unicode_ci;
/*!40101 SET character_set_client = @saved_cs_client */;

--
-- Dumping data for table `brands`
--

LOCK TABLES `brands` WRITE;
/*!40000 ALTER TABLE `brands` DISABLE KEYS */;
INSERT INTO `brands` VALUES (1,'Witting-Anderson',1,NULL,'2026-04-23 00:02:09','2026-04-23 17:17:03'),(2,'Kihn LLC',1,NULL,'2026-04-23 00:02:09','2026-04-23 00:02:09'),(3,'Pacocha PLC',1,NULL,'2026-04-23 00:02:09','2026-04-23 00:02:09'),(4,'Bradtke-Ratke',1,NULL,'2026-04-23 00:02:09','2026-04-23 00:02:09'),(5,'Pagac-Doyle',1,NULL,'2026-04-23 00:02:09','2026-04-23 00:02:09'),(6,'Veum, Kulas and Hage',1,NULL,'2026-04-23 00:02:09','2026-04-23 00:02:09'),(7,'Boyle and Sons',1,NULL,'2026-04-23 00:02:09','2026-04-23 00:02:09'),(8,'Ullrich, Heathcote a',1,NULL,'2026-04-23 00:02:09','2026-04-23 00:02:09'),(9,'Lowe-Cruickshank',1,NULL,'2026-04-23 00:02:09','2026-04-23 00:02:09'),(10,'Cummings-Kuhn',1,NULL,'2026-04-23 00:02:09','2026-04-23 00:02:09'),(11,'Adidas',1,NULL,'2026-04-23 14:50:18','2026-04-23 14:50:18'),(12,'Converse',1,NULL,'2026-04-23 17:17:09','2026-04-23 17:17:09'),(13,'Vans',1,NULL,'2026-04-23 17:29:55','2026-04-23 17:30:03'),(14,'Cole Haan',1,NULL,'2026-04-23 17:39:35','2026-04-23 17:39:35'),(15,'Nike',1,NULL,'2026-04-23 15:01:06','2026-04-23 15:01:06');
/*!40000 ALTER TABLE `brands` ENABLE KEYS */;
UNLOCK TABLES;

--
-- Table structure for table `categories`
--

DROP TABLE IF EXISTS `categories`;
/*!40101 SET @saved_cs_client     = @@character_set_client */;
/*!50503 SET character_set_client = utf8mb4 */;
CREATE TABLE `categories` (
  `id` bigint unsigned NOT NULL AUTO_INCREMENT,
  `name` varchar(40) COLLATE utf8mb4_unicode_ci NOT NULL,
  `description` varchar(1000) COLLATE utf8mb4_unicode_ci NOT NULL,
  `is_active` tinyint(1) NOT NULL DEFAULT '1',
  `deleted_at` timestamp NULL DEFAULT NULL,
  `created_at` timestamp NULL DEFAULT NULL,
  `updated_at` timestamp NULL DEFAULT NULL,
  PRIMARY KEY (`id`)
) ENGINE=InnoDB AUTO_INCREMENT=15 DEFAULT CHARSET=utf8mb4 COLLATE=utf8mb4_unicode_ci;
/*!40101 SET character_set_client = @saved_cs_client */;

--
-- Dumping data for table `categories`
--

LOCK TABLES `categories` WRITE;
/*!40000 ALTER TABLE `categories` DISABLE KEYS */;
INSERT INTO `categories` VALUES (1,'perferendis','Cum qui eaque consequuntur aperiam veniam corporis.',1,NULL,'2026-04-23 00:02:09','2026-04-23 17:38:27'),(2,'autem','Id autem odit totam quia quidem voluptas.',1,NULL,'2026-04-23 00:02:09','2026-04-23 00:02:09'),(3,'ipsa','Est sequi adipisci repudiandae sequi dolores ipsum.',1,NULL,'2026-04-23 00:02:09','2026-04-23 00:02:09'),(4,'est','Molestiae perferendis sit ullam fugiat similique fugit.',1,NULL,'2026-04-23 00:02:09','2026-04-23 00:02:09'),(5,'impedit','Error sit id nulla repellendus rerum fugit nostrum.',1,NULL,'2026-04-23 00:02:09','2026-04-23 00:02:09'),(6,'qui','Aut explicabo ipsum enim facilis.',1,NULL,'2026-04-23 00:02:09','2026-04-23 00:02:09'),(7,'eligendi','Perspiciatis dolores sed autem error.',1,NULL,'2026-04-23 00:02:09','2026-04-23 00:02:09'),(8,'ab','Cupiditate beatae illum modi recusandae dolorem reiciendis.',1,NULL,'2026-04-23 00:02:09','2026-04-23 00:02:09'),(9,'excepturi','Nihil tempore dolorem facilis consequatur corporis.',1,NULL,'2026-04-23 00:02:09','2026-04-23 00:02:09'),(10,'dolorem','Voluptate magni sed earum voluptatem ducimus et et.',1,NULL,'2026-04-23 00:02:09','2026-04-23 00:02:09'),(11,'Padel','Zapatos para jugar Pádel.',1,NULL,'2026-04-23 14:50:08','2026-04-23 14:50:08'),(12,'Sneakers','Zapatos casuales del día a día.',1,NULL,'2026-04-23 17:17:37','2026-04-23 17:17:37'),(13,'Alpargatas','Los mejores zapatos que existen',1,NULL,'2026-04-23 17:38:57','2026-04-23 17:39:09'),(14,'Futbol','Zapatos para jugar futbol.',1,NULL,'2026-04-23 15:01:58','2026-04-23 15:01:58');
/*!40000 ALTER TABLE `categories` ENABLE KEYS */;
UNLOCK TABLES;

--
-- Table structure for table `clients`
--

DROP TABLE IF EXISTS `clients`;
/*!40101 SET @saved_cs_client     = @@character_set_client */;
/*!50503 SET character_set_client = utf8mb4 */;
CREATE TABLE `clients` (
  `id` bigint unsigned NOT NULL AUTO_INCREMENT,
  `cedula` int NOT NULL,
  `nombres` varchar(50) COLLATE utf8mb4_unicode_ci NOT NULL,
  `apellidos` varchar(50) COLLATE utf8mb4_unicode_ci NOT NULL,
  `telefono` varchar(20) COLLATE utf8mb4_unicode_ci NOT NULL,
  `deleted_at` timestamp NULL DEFAULT NULL,
  `direccion` text COLLATE utf8mb4_unicode_ci NOT NULL,
  `is_active` tinyint(1) NOT NULL DEFAULT '1',
  `created_at` timestamp NULL DEFAULT NULL,
  `updated_at` timestamp NULL DEFAULT NULL,
  PRIMARY KEY (`id`),
  UNIQUE KEY `clients_cedula_unique` (`cedula`)
) ENGINE=InnoDB AUTO_INCREMENT=67 DEFAULT CHARSET=utf8mb4 COLLATE=utf8mb4_unicode_ci;
/*!40101 SET character_set_client = @saved_cs_client */;

--
-- Dumping data for table `clients`
--

LOCK TABLES `clients` WRITE;
/*!40000 ALTER TABLE `clients` DISABLE KEYS */;
INSERT INTO `clients` VALUES (1,13862095,'Makenna','Blick','458-871-1749',NULL,'569 Monahan Drive Apt. 100\nIsraelville, ME 56749',1,'2026-04-23 00:02:08','2026-04-23 00:02:08'),(2,68876420,'Jaquelin','Kulas','1-541-543-3636',NULL,'64175 Gunnar Spur Suite 543\nVonborough, KY 68246',1,'2026-04-23 00:02:08','2026-04-23 00:02:08'),(3,92184191,'Krystel','Effertz','419-914-7952',NULL,'599 Jeanie Neck Apt. 120\nSouth Allison, MO 90437-0858',1,'2026-04-23 00:02:08','2026-04-23 00:02:08'),(4,96813207,'Stephon','Witting','1-860-646-2983',NULL,'8362 Weissnat Passage Suite 587\nEdwardobury, SC 74232-6696',1,'2026-04-23 00:02:08','2026-04-23 00:02:08'),(5,78797103,'Abigale','Reynolds','+1-251-664-3171',NULL,'326 Trantow Mount\nNorth Leone, WV 19918-1025',1,'2026-04-23 00:02:08','2026-04-23 00:02:08'),(6,15733967,'Lennie','Moore','341.419.2071',NULL,'34711 Klocko Cove Apt. 658\nPort Reinholdside, NC 48647',1,'2026-04-23 00:02:08','2026-04-23 00:02:08'),(7,70887304,'Ella','Thompson','+1-607-476-7559',NULL,'9198 Bianka Avenue\nNew Lolita, VT 40270',1,'2026-04-23 00:02:08','2026-04-23 00:02:08'),(8,34701919,'Emil','Harris','1-820-991-8672',NULL,'114 Roxane Trail\nSouth Jordiburgh, FL 09329-2927',1,'2026-04-23 00:02:08','2026-04-23 00:02:08'),(9,33474435,'Dawson','Stehr','+1.662.585.3397',NULL,'7827 Lowell Lakes\nBlockmouth, WV 06864-0670',1,'2026-04-23 00:02:08','2026-04-23 00:02:08'),(10,9941968,'Justen','Rowe','(559) 756-2029',NULL,'885 Mason Stream\nPorterton, OR 49442-0359',1,'2026-04-23 00:02:08','2026-04-23 00:02:08'),(11,27507059,'Tiana','Mohr','1-629-284-0373',NULL,'9299 Camylle Lights Suite 626\nLake Rudolph, OR 52792',1,'2026-04-23 00:02:08','2026-04-23 00:02:08'),(12,8501068,'Kian','Lebsack','(458) 331-6863',NULL,'2374 Delta Bridge Suite 458\nHermanside, VA 99128',1,'2026-04-23 00:02:08','2026-04-23 00:02:08'),(13,16920928,'Rylee','Parker','(985) 499-2180',NULL,'7363 Ratke Circles\nBridgetton, MI 45724',1,'2026-04-23 00:02:08','2026-04-23 00:02:08'),(14,17802171,'Kallie','Kreiger','+15705497322',NULL,'4831 Berge Fords Suite 254\nMayertland, DC 24230',1,'2026-04-23 00:02:08','2026-04-23 00:02:08'),(15,99622705,'Pierre','Kutch','+1 (220) 621-6865',NULL,'3601 Yundt Forges Apt. 886\nBahringerberg, GA 51930',1,'2026-04-23 00:02:08','2026-04-23 00:02:08'),(16,17230240,'Jaden','Bernier','+1-432-903-7245',NULL,'903 Evans Curve Suite 589\nMurielbury, IN 48179',1,'2026-04-23 00:02:08','2026-04-23 00:02:08'),(17,16329195,'Mariam','Flatley','+1-815-948-8284',NULL,'257 Hettinger Club Apt. 936\nFletaborough, DC 32420',1,'2026-04-23 00:02:08','2026-04-23 00:02:08'),(18,68446455,'Theron','Wolf','(435) 460-5189',NULL,'1465 Cruickshank Meadows\nBrookland, DE 99990',1,'2026-04-23 00:02:08','2026-04-23 00:02:08'),(19,70173266,'Dejon','Grimes','+1-248-873-7147',NULL,'1150 Ron Ways\nWest Ileneport, DC 06068',1,'2026-04-23 00:02:08','2026-04-23 00:02:08'),(20,94764142,'Sasha','Hauck','272.503.6877',NULL,'413 Daugherty Brook Suite 260\nPerryfort, CA 54474-9301',1,'2026-04-23 00:02:08','2026-04-23 00:02:08'),(21,76197749,'Natalia','Effertz','+1.806.937.5200',NULL,'78020 Fidel Parks Suite 406\nWeberview, WY 12170-6517',1,'2026-04-23 00:02:08','2026-04-23 00:02:08'),(22,97082256,'Chasity','Ebert','580.393.5525',NULL,'612 Wyman Grove\nNew Donatotown, MI 03700',1,'2026-04-23 00:02:08','2026-04-23 00:02:08'),(23,78406765,'Abigail','Bailey','1-716-689-9942',NULL,'19695 Trent Points Suite 563\nNorth Edwardstad, IN 18327',1,'2026-04-23 00:02:08','2026-04-23 00:02:08'),(24,33572161,'Georgianna','Schultz','+19548219462',NULL,'281 Karley Roads\nWest Pietro, IA 41584',1,'2026-04-23 00:02:08','2026-04-23 00:02:08'),(25,77508709,'Israel','White','+1-681-321-4612',NULL,'707 Isabella Neck\nSouth Raymundo, MA 13902-3706',1,'2026-04-23 00:02:08','2026-04-23 00:02:08'),(26,9049391,'Maxie','Jerde','585-998-0151',NULL,'1381 Fadel Road Suite 343\nPort Jalen, KY 81817',1,'2026-04-23 00:02:08','2026-04-23 00:02:08'),(27,13420615,'Iva','O\'Reilly','(650) 942-3939',NULL,'9063 Keven Lane Apt. 566\nYazminshire, IL 05403-4743',1,'2026-04-23 00:02:08','2026-04-23 00:02:08'),(28,79007516,'Rhoda','Hansen','(479) 379-3359',NULL,'23223 Pfeffer Key Suite 498\nLeschview, NV 31795-9645',1,'2026-04-23 00:02:08','2026-04-23 00:02:08'),(29,15449258,'Krystina','Kulas','+1 (878) 399-2009',NULL,'3366 Kelley Club\nNew Natalie, MT 25187-8969',1,'2026-04-23 00:02:08','2026-04-23 00:02:08'),(30,71080297,'Albin','Ernser','(283) 256-2968',NULL,'93690 Paige Junctions Suite 546\nSouth Hulda, NE 25252',1,'2026-04-23 00:02:08','2026-04-23 00:02:08'),(31,43283823,'Eli','Bosco','(878) 266-6743',NULL,'9343 Ebert Ridges\nEast Madieport, SC 71993-1219',1,'2026-04-23 00:02:08','2026-04-23 00:02:08'),(32,43459668,'Emiliano','Harber','(917) 386-0092',NULL,'458 Nolan Spring\nJacobiberg, GA 68561-5749',1,'2026-04-23 00:02:08','2026-04-23 00:02:08'),(33,22351125,'Sheridan','Beahan','(661) 249-9554',NULL,'565 Trantow Corner\nAaliyahchester, AL 25297-3040',1,'2026-04-23 00:02:08','2026-04-23 00:02:08'),(34,10044205,'Reilly','Hirthe','636-918-8754',NULL,'96977 Crist Spurs\nLondonchester, OK 58147-7717',1,'2026-04-23 00:02:08','2026-04-23 00:02:08'),(35,58176655,'Morris','Marquardt','863.990.9545',NULL,'624 Vandervort Station\nNew Rhianna, WV 08624',1,'2026-04-23 00:02:08','2026-04-23 00:02:08'),(36,37137177,'Jerald','McClure','+1-360-476-8528',NULL,'5240 Lessie Views\nNorth Zachariah, MN 76906',1,'2026-04-23 00:02:08','2026-04-23 00:02:08'),(37,47310760,'Adelle','Nolan','+1.336.218.7815',NULL,'2060 Krajcik Harbors\nConsidineshire, AL 79965-5329',1,'2026-04-23 00:02:08','2026-04-23 00:02:08'),(38,62703519,'Deborah','Rutherford','+1-475-538-2504',NULL,'6788 Schmeler Drive Apt. 169\nEast Fabiolaton, OK 43127-8552',1,'2026-04-23 00:02:08','2026-04-23 00:02:08'),(39,52371948,'Delia','Grimes','+1-267-890-8738',NULL,'684 Hailey Isle\nEast Josiane, WI 65370',1,'2026-04-23 00:02:08','2026-04-23 00:02:08'),(40,63939013,'Genoveva','Murray','(725) 979-4341',NULL,'79184 Parker Centers\nDaynamouth, CT 56200',1,'2026-04-23 00:02:08','2026-04-23 00:02:08'),(41,68520818,'Charlie','Runolfsdottir','(951) 561-7751',NULL,'1729 Mitchel Mission Suite 051\nNew Flavie, SD 87543',1,'2026-04-23 00:02:08','2026-04-23 00:02:08'),(42,24825820,'Ivory','Rodriguez','(734) 515-8082',NULL,'22269 Mia Mews Suite 721\nNew Kendrickborough, MS 25949-8549',1,'2026-04-23 00:02:08','2026-04-23 00:02:08'),(43,4468861,'Viola','Conn','843-818-3059',NULL,'2540 Kris Turnpike Apt. 594\nLake Janiyamouth, NM 97836',1,'2026-04-23 00:02:08','2026-04-23 00:02:08'),(44,28717709,'Jorge','Borer','1-234-637-2706',NULL,'28316 Alanis Orchard\nTurnerberg, WI 45443-4727',1,'2026-04-23 00:02:08','2026-04-23 00:02:08'),(45,55627800,'Kayden','Cormier','623.375.3701',NULL,'18417 Furman Run Suite 918\nRebekahport, VA 36960-5387',1,'2026-04-23 00:02:08','2026-04-23 00:02:08'),(46,78176480,'Casimer','Lebsack','(706) 585-2745',NULL,'44141 Javonte Lakes\nEast Vilmachester, SC 08934',1,'2026-04-23 00:02:08','2026-04-23 00:02:08'),(47,47976276,'Elenor','Anderson','+1-307-788-6635',NULL,'6258 Felipe Lake Suite 369\nHyattborough, AR 03403-2559',1,'2026-04-23 00:02:08','2026-04-23 00:02:08'),(48,86414351,'Emmitt','Russel','+17049171657',NULL,'3146 Gusikowski Crossing Apt. 779\nNorth Brigitte, HI 56077-5506',1,'2026-04-23 00:02:09','2026-04-23 00:02:09'),(49,37260128,'Shanie','Fadel','934.913.7084',NULL,'36513 Abshire Mews\nWest Jarrell, MI 42164-9658',1,'2026-04-23 00:02:09','2026-04-23 00:02:09'),(50,16110750,'Chadd','Pfannerstill','551-375-3530',NULL,'9948 Alana Walk\nNorth Margarettville, ME 84631',1,'2026-04-23 00:02:09','2026-04-23 00:02:09'),(51,30065516,'César','García','04248749944',NULL,'Porlamar.',1,'2026-04-23 00:20:14','2026-04-23 00:20:37'),(52,30919810,'Grecia Marina','Santoro Acosta','04126908949',NULL,'Al lado de catalano.',1,'2026-04-23 00:41:13','2026-04-23 00:41:13'),(53,30065518,'Andrés David','Robati Rivas','04247654389',NULL,'Isla Cartón',1,'2026-04-23 13:19:29','2026-04-23 13:19:29'),(54,30230634,'Chumi','Quijada','04229870127',NULL,'Los Robles.',1,'2026-04-23 13:20:35','2026-04-23 13:20:35'),(55,8653646,'Carlos Cesar','García Yáñez','04147909588',NULL,'Porlamar.',1,'2026-04-23 15:41:42','2026-04-23 15:41:42'),(56,12644575,'Arleth Nathalie','Fernandez Contreras','04248453178',NULL,'Playa el ángel.',1,'2026-04-23 15:51:19','2026-04-23 15:51:19'),(57,30065520,'Gustavo Nelson','Gutierrez Hernandez','04246754785',NULL,'La Mar.',1,'2026-04-23 15:52:32','2026-04-23 15:52:32'),(58,30065519,'Chuito Abdul','Uzumaki Speedy','04144569012',NULL,'Lejos de la civilización.',1,'2026-04-23 15:56:20','2026-04-23 14:44:03'),(62,12644576,'Catherine','O\'hara','04127829012',NULL,'USA.',1,'2026-04-23 17:26:27','2026-04-23 17:26:27'),(63,13562891,'Mauricio José','Olmo López','04246547821',NULL,'Barcelona, España.',1,'2026-04-23 13:44:40','2026-04-23 13:44:40'),(64,15678901,'Gabriel Miguel','Cardona Gonzalez','04227658790',NULL,'Los cocos',1,'2026-04-23 13:49:40','2026-04-23 13:49:40'),(65,10890320,'Gonzalo','Higuain','04227658901',NULL,'Argentina, Buenos Aires.',1,'2026-04-23 15:15:56','2026-04-23 15:15:56'),(66,19876432,'Guadalop','Marval','04127651288',NULL,'UNIMAR, El Valle.',1,'2026-04-23 15:23:55','2026-04-23 15:23:55');
/*!40000 ALTER TABLE `clients` ENABLE KEYS */;
UNLOCK TABLES;

--
-- Table structure for table `dumps`
--

DROP TABLE IF EXISTS `dumps`;
/*!40101 SET @saved_cs_client     = @@character_set_client */;
/*!50503 SET character_set_client = utf8mb4 */;
CREATE TABLE `dumps` (
  `id` int unsigned NOT NULL AUTO_INCREMENT,
  `file` varchar(191) COLLATE utf8mb4_unicode_ci NOT NULL,
  `file_name` varchar(191) COLLATE utf8mb4_unicode_ci NOT NULL,
  `created_at` timestamp NOT NULL,
  PRIMARY KEY (`id`),
  UNIQUE KEY `dumps_file_name_unique` (`file_name`)
) ENGINE=InnoDB AUTO_INCREMENT=6 DEFAULT CHARSET=utf8mb4 COLLATE=utf8mb4_unicode_ci;
/*!40101 SET character_set_client = @saved_cs_client */;

--
-- Dumping data for table `dumps`
--

LOCK TABLES `dumps` WRITE;
/*!40000 ALTER TABLE `dumps` DISABLE KEYS */;
/*!40000 ALTER TABLE `dumps` ENABLE KEYS */;
UNLOCK TABLES;

--
-- Table structure for table `empleados`
--

DROP TABLE IF EXISTS `empleados`;
/*!40101 SET @saved_cs_client     = @@character_set_client */;
/*!50503 SET character_set_client = utf8mb4 */;
CREATE TABLE `empleados` (
  `id` bigint unsigned NOT NULL AUTO_INCREMENT,
  `user_id` bigint unsigned NOT NULL,
  `document` varchar(191) COLLATE utf8mb4_unicode_ci NOT NULL,
  `phone` varchar(191) COLLATE utf8mb4_unicode_ci DEFAULT NULL,
  `position` varchar(191) COLLATE utf8mb4_unicode_ci DEFAULT NULL,
  `salary` decimal(10,2) NOT NULL DEFAULT '0.00',
  `is_active` tinyint(1) NOT NULL DEFAULT '1',
  `created_at` timestamp NULL DEFAULT NULL,
  `updated_at` timestamp NULL DEFAULT NULL,
  PRIMARY KEY (`id`),
  UNIQUE KEY `empleados_document_unique` (`document`),
  KEY `empleados_user_id_foreign` (`user_id`),
  CONSTRAINT `empleados_user_id_foreign` FOREIGN KEY (`user_id`) REFERENCES `users` (`id`) ON DELETE CASCADE
) ENGINE=InnoDB AUTO_INCREMENT=19 DEFAULT CHARSET=utf8mb4 COLLATE=utf8mb4_unicode_ci;
/*!40101 SET character_set_client = @saved_cs_client */;

--
-- Dumping data for table `empleados`
--

LOCK TABLES `empleados` WRITE;
/*!40000 ALTER TABLE `empleados` DISABLE KEYS */;
INSERT INTO `empleados` VALUES (1,2,'24702613','(726) 535-0645','Financial Manager',867.82,1,'2026-04-23 00:02:12','2026-04-23 00:26:35'),(2,3,'30757892','+1-667-957-4086','Radio Mechanic',229.28,1,'2026-04-23 00:02:12','2026-04-23 00:02:12'),(3,4,'31841489','+18452738624','Admin',672.18,1,'2026-04-23 00:02:12','2026-04-23 00:02:12'),(4,5,'30681265','760-777-6114','Electronic Masking System Operator',498.67,1,'2026-04-23 00:02:12','2026-04-23 00:02:12'),(5,6,'46025155','1-669-610-8056','Supervisor Correctional Officer',370.09,1,'2026-04-23 00:02:12','2026-04-23 00:02:12'),(6,7,'60585955','+1.404.862.0030','General Practitioner',582.17,1,'2026-04-23 00:02:12','2026-04-23 00:02:12'),(7,8,'80397445','+1-364-869-0068','Licensing Examiner and Inspector',955.68,1,'2026-04-23 00:02:12','2026-04-23 00:02:12'),(8,9,'46353030','806.513.7117','Floral Designer',950.18,1,'2026-04-23 00:02:12','2026-04-23 00:02:12'),(9,10,'67818921','804-699-1550','Tire Changer',868.83,1,'2026-04-23 00:02:12','2026-04-23 00:02:12'),(10,11,'48373918','(440) 278-3814','Industrial Equipment Maintenance',423.96,1,'2026-04-23 00:02:12','2026-04-23 00:02:12'),(11,12,'93492574','1-617-883-6522','Slot Key Person',286.15,1,'2026-04-23 00:02:12','2026-04-23 00:02:12'),(12,13,'40550578','+18324956407','Floor Finisher',229.40,1,'2026-04-23 00:02:12','2026-04-23 00:02:12'),(13,14,'85812943','1-678-589-9943','Administrative Support Supervisors',735.64,1,'2026-04-23 00:02:12','2026-04-23 00:02:12'),(14,15,'50803973','+1-445-393-8805','Welder',205.61,1,'2026-04-23 00:02:12','2026-04-23 00:02:12'),(15,16,'82458848','+12399402635','Mathematical Technician',817.35,1,'2026-04-23 00:02:12','2026-04-23 00:02:12'),(16,17,'30065517','04248032750','Vendedor',350.00,1,'2026-04-23 00:27:28','2026-04-23 14:44:46'),(17,18,'30785179','04227658901','Gerente',1500.00,1,'2026-04-23 00:28:32','2026-04-23 15:19:22'),(18,19,'31890435','04126758921','Cajero',300.00,1,'2026-04-23 15:05:20','2026-04-23 15:12:46');
/*!40000 ALTER TABLE `empleados` ENABLE KEYS */;
UNLOCK TABLES;

--
-- Table structure for table `exchangerates`
--

DROP TABLE IF EXISTS `exchangerates`;
/*!40101 SET @saved_cs_client     = @@character_set_client */;
/*!50503 SET character_set_client = utf8mb4 */;
CREATE TABLE `exchangerates` (
  `id` bigint unsigned NOT NULL AUTO_INCREMENT,
  `value` varchar(250) COLLATE utf8mb4_unicode_ci NOT NULL,
  `created_at` timestamp NULL DEFAULT NULL,
  `updated_at` timestamp NULL DEFAULT NULL,
  PRIMARY KEY (`id`)
) ENGINE=InnoDB AUTO_INCREMENT=3 DEFAULT CHARSET=utf8mb4 COLLATE=utf8mb4_unicode_ci;
/*!40101 SET character_set_client = @saved_cs_client */;

--
-- Dumping data for table `exchangerates`
--

LOCK TABLES `exchangerates` WRITE;
/*!40000 ALTER TABLE `exchangerates` DISABLE KEYS */;
INSERT INTO `exchangerates` VALUES (1,'450.00','2026-04-23 00:02:08','2026-04-23 00:02:08'),(2,'485','2026-04-23 00:07:41','2026-04-23 00:07:41');
/*!40000 ALTER TABLE `exchangerates` ENABLE KEYS */;
UNLOCK TABLES;

--
-- Table structure for table `failed_jobs`
--

DROP TABLE IF EXISTS `failed_jobs`;
/*!40101 SET @saved_cs_client     = @@character_set_client */;
/*!50503 SET character_set_client = utf8mb4 */;
CREATE TABLE `failed_jobs` (
  `id` bigint unsigned NOT NULL AUTO_INCREMENT,
  `connection` text COLLATE utf8mb4_unicode_ci NOT NULL,
  `queue` text COLLATE utf8mb4_unicode_ci NOT NULL,
  `payload` longtext COLLATE utf8mb4_unicode_ci NOT NULL,
  `exception` longtext COLLATE utf8mb4_unicode_ci NOT NULL,
  `failed_at` timestamp NOT NULL DEFAULT CURRENT_TIMESTAMP,
  PRIMARY KEY (`id`)
) ENGINE=InnoDB DEFAULT CHARSET=utf8mb4 COLLATE=utf8mb4_unicode_ci;
/*!40101 SET character_set_client = @saved_cs_client */;

--
-- Dumping data for table `failed_jobs`
--

LOCK TABLES `failed_jobs` WRITE;
/*!40000 ALTER TABLE `failed_jobs` DISABLE KEYS */;
/*!40000 ALTER TABLE `failed_jobs` ENABLE KEYS */;
UNLOCK TABLES;

--
-- Table structure for table `metodo_de_pagos`
--

DROP TABLE IF EXISTS `metodo_de_pagos`;
/*!40101 SET @saved_cs_client     = @@character_set_client */;
/*!50503 SET character_set_client = utf8mb4 */;
CREATE TABLE `metodo_de_pagos` (
  `id` bigint unsigned NOT NULL AUTO_INCREMENT,
  `nombre_metodo` varchar(191) COLLATE utf8mb4_unicode_ci NOT NULL,
  `ref` tinyint(1) NOT NULL,
  `moneda` varchar(191) COLLATE utf8mb4_unicode_ci NOT NULL,
  `created_at` timestamp NULL DEFAULT NULL,
  `updated_at` timestamp NULL DEFAULT NULL,
  PRIMARY KEY (`id`)
) ENGINE=InnoDB AUTO_INCREMENT=6 DEFAULT CHARSET=utf8mb4 COLLATE=utf8mb4_unicode_ci;
/*!40101 SET character_set_client = @saved_cs_client */;

--
-- Dumping data for table `metodo_de_pagos`
--

LOCK TABLES `metodo_de_pagos` WRITE;
/*!40000 ALTER TABLE `metodo_de_pagos` DISABLE KEYS */;
INSERT INTO `metodo_de_pagos` VALUES (1,'Pagos con Tarjeta (Bs)',0,'Bs','2026-04-23 00:02:08','2026-04-23 00:02:08'),(2,'Pago Móvil (Bs)',1,'Bs','2026-04-23 00:02:08','2026-04-23 00:02:08'),(3,'Efectivo (Bs)',0,'Bs','2026-04-23 00:02:08','2026-04-23 00:02:08'),(4,'Efectivo (USD)',0,'$','2026-04-23 00:02:08','2026-04-23 00:02:08'),(5,'Zelle (USD)',1,'$','2026-04-23 00:02:08','2026-04-23 00:02:08');
/*!40000 ALTER TABLE `metodo_de_pagos` ENABLE KEYS */;
UNLOCK TABLES;

--
-- Table structure for table `metodo_pago_ordens`
--

DROP TABLE IF EXISTS `metodo_pago_ordens`;
/*!40101 SET @saved_cs_client     = @@character_set_client */;
/*!50503 SET character_set_client = utf8mb4 */;
CREATE TABLE `metodo_pago_ordens` (
  `id` bigint unsigned NOT NULL AUTO_INCREMENT,
  `id_orden` varchar(191) COLLATE utf8mb4_unicode_ci NOT NULL,
  `id_metodo_pago` varchar(191) COLLATE utf8mb4_unicode_ci NOT NULL,
  `monto_pago_orden` decimal(8,2) NOT NULL,
  `reference` varchar(100) COLLATE utf8mb4_unicode_ci DEFAULT NULL,
  `created_at` timestamp NULL DEFAULT NULL,
  `updated_at` timestamp NULL DEFAULT NULL,
  PRIMARY KEY (`id`)
) ENGINE=InnoDB AUTO_INCREMENT=221 DEFAULT CHARSET=utf8mb4 COLLATE=utf8mb4_unicode_ci;
/*!40101 SET character_set_client = @saved_cs_client */;

--
-- Dumping data for table `metodo_pago_ordens`
--

LOCK TABLES `metodo_pago_ordens` WRITE;
/*!40000 ALTER TABLE `metodo_pago_ordens` DISABLE KEYS */;
INSERT INTO `metodo_pago_ordens` VALUES (1,'1','5',4874.88,'REF-8733','2026-04-23 00:02:15','2026-04-23 00:02:15'),(2,'2','1',2878.93,'REF-8352','2026-04-23 00:02:15','2026-04-23 00:02:15'),(3,'3','5',721.00,'REF-2610','2026-04-23 00:02:15','2026-04-23 00:02:15'),(4,'4','3',1952.05,'REF-1601','2026-04-23 00:02:15','2026-04-23 00:02:15'),(5,'5','2',2349.68,'REF-3128','2026-04-23 00:02:15','2026-04-23 00:02:15'),(6,'6','3',2729.04,'REF-4113','2026-04-23 00:02:15','2026-04-23 00:02:15'),(7,'7','4',3792.64,'REF-9433','2026-04-23 00:02:15','2026-04-23 00:02:15'),(8,'8','3',1808.68,'REF-4583','2026-04-23 00:02:16','2026-04-23 00:02:16'),(9,'9','3',4172.24,'REF-1683','2026-04-23 00:02:16','2026-04-23 00:02:16'),(10,'10','1',3511.49,'REF-8775','2026-04-23 00:02:16','2026-04-23 00:02:16'),(11,'11','4',1498.21,'REF-7410','2026-04-23 00:02:16','2026-04-23 00:02:16'),(12,'12','4',3073.13,'REF-9982','2026-04-23 00:02:16','2026-04-23 00:02:16'),(13,'13','4',3265.09,'REF-7031','2026-04-23 00:02:16','2026-04-23 00:02:16'),(14,'14','2',2408.00,'REF-6575','2026-04-23 00:02:16','2026-04-23 00:02:16'),(15,'15','2',1245.41,'REF-5173','2026-04-23 00:02:16','2026-04-23 00:02:16'),(16,'16','3',2650.21,'REF-2996','2026-04-23 00:02:16','2026-04-23 00:02:16'),(17,'17','4',4612.19,'REF-8358','2026-04-23 00:02:16','2026-04-23 00:02:16'),(18,'18','3',1869.15,'REF-9750','2026-04-23 00:02:16','2026-04-23 00:02:16'),(19,'19','1',6048.26,'REF-5697','2026-04-23 00:02:16','2026-04-23 00:02:16'),(20,'20','2',4108.12,'REF-6663','2026-04-23 00:02:16','2026-04-23 00:02:16'),(21,'21','1',3917.02,'REF-1284','2026-04-23 00:02:16','2026-04-23 00:02:16'),(22,'22','2',759.52,'REF-7482','2026-04-23 00:02:16','2026-04-23 00:02:16'),(23,'23','4',772.40,'REF-4180','2026-04-23 00:02:16','2026-04-23 00:02:16'),(24,'24','4',1500.24,'REF-4717','2026-04-23 00:02:16','2026-04-23 00:02:16'),(25,'25','5',3408.61,'REF-5721','2026-04-23 00:02:16','2026-04-23 00:02:16'),(26,'26','4',899.38,'REF-1619','2026-04-23 00:02:16','2026-04-23 00:02:16'),(27,'27','5',3554.22,'REF-9357','2026-04-23 00:02:16','2026-04-23 00:02:16'),(28,'28','1',3405.40,'REF-1522','2026-04-23 00:02:17','2026-04-23 00:02:17'),(29,'29','4',817.50,'REF-1924','2026-04-23 00:02:17','2026-04-23 00:02:17'),(30,'30','1',3848.53,'REF-6001','2026-04-23 00:02:17','2026-04-23 00:02:17'),(31,'31','5',1189.86,'REF-1651','2026-04-23 00:02:17','2026-04-23 00:02:17'),(32,'32','1',3193.12,'REF-8016','2026-04-23 00:02:17','2026-04-23 00:02:17'),(33,'33','5',1369.80,'REF-2804','2026-04-23 00:02:17','2026-04-23 00:02:17'),(34,'34','5',5126.75,'REF-5914','2026-04-23 00:02:17','2026-04-23 00:02:17'),(35,'35','3',1254.77,'REF-6671','2026-04-23 00:02:17','2026-04-23 00:02:17'),(36,'36','2',2752.64,'REF-5060','2026-04-23 00:02:17','2026-04-23 00:02:17'),(37,'37','5',3544.77,'REF-8030','2026-04-23 00:02:17','2026-04-23 00:02:17'),(38,'38','3',3849.74,'REF-5865','2026-04-23 00:02:17','2026-04-23 00:02:17'),(39,'39','2',493.17,'REF-6084','2026-04-23 00:02:17','2026-04-23 00:02:17'),(40,'40','5',2904.60,'REF-4236','2026-04-23 00:02:17','2026-04-23 00:02:17'),(41,'41','5',1219.83,'REF-9422','2026-04-23 00:02:17','2026-04-23 00:02:17'),(42,'42','5',3185.12,'REF-5281','2026-04-23 00:02:17','2026-04-23 00:02:17'),(43,'43','1',3395.12,'REF-3823','2026-04-23 00:02:17','2026-04-23 00:02:17'),(44,'44','1',4250.13,'REF-6396','2026-04-23 00:02:17','2026-04-23 00:02:17'),(45,'45','1',2435.70,'REF-9906','2026-04-23 00:02:17','2026-04-23 00:02:17'),(46,'46','5',3417.58,'REF-6202','2026-04-23 00:02:17','2026-04-23 00:02:17'),(47,'47','4',3212.81,'REF-1325','2026-04-23 00:02:17','2026-04-23 00:02:17'),(48,'48','5',3235.88,'REF-3060','2026-04-23 00:02:17','2026-04-23 00:02:17'),(49,'49','3',3479.28,'REF-1128','2026-04-23 00:02:18','2026-04-23 00:02:18'),(50,'50','1',4108.14,'REF-6650','2026-04-23 00:02:18','2026-04-23 00:02:18'),(51,'51','1',3500.63,'REF-8490','2026-04-23 00:02:18','2026-04-23 00:02:18'),(52,'52','5',338.68,'REF-2698','2026-04-23 00:02:18','2026-04-23 00:02:18'),(53,'53','5',4183.63,'REF-3950','2026-04-23 00:02:18','2026-04-23 00:02:18'),(54,'54','5',1608.46,'REF-8398','2026-04-23 00:02:18','2026-04-23 00:02:18'),(55,'55','2',3737.47,'REF-2276','2026-04-23 00:02:18','2026-04-23 00:02:18'),(56,'56','2',815.25,'REF-5361','2026-04-23 00:02:18','2026-04-23 00:02:18'),(57,'57','5',3321.85,'REF-5731','2026-04-23 00:02:18','2026-04-23 00:02:18'),(58,'58','2',5277.76,'REF-7022','2026-04-23 00:02:18','2026-04-23 00:02:18'),(59,'59','5',4343.14,'REF-3949','2026-04-23 00:02:18','2026-04-23 00:02:18'),(60,'60','1',2286.94,'REF-5103','2026-04-23 00:02:18','2026-04-23 00:02:18'),(61,'61','3',1676.00,'REF-2210','2026-04-23 00:02:18','2026-04-23 00:02:18'),(62,'62','5',94.18,'REF-9105','2026-04-23 00:02:18','2026-04-23 00:02:18'),(63,'63','4',425.04,'REF-9274','2026-04-23 00:02:18','2026-04-23 00:02:18'),(64,'64','2',1727.08,'REF-8888','2026-04-23 00:02:18','2026-04-23 00:02:18'),(65,'65','1',716.12,'REF-7665','2026-04-23 00:02:18','2026-04-23 00:02:18'),(66,'66','2',3390.06,'REF-4992','2026-04-23 00:02:18','2026-04-23 00:02:18'),(67,'67','1',3463.34,'REF-2312','2026-04-23 00:02:18','2026-04-23 00:02:18'),(68,'68','3',2453.86,'REF-3514','2026-04-23 00:02:18','2026-04-23 00:02:18'),(69,'69','4',2691.21,'REF-5181','2026-04-23 00:02:19','2026-04-23 00:02:19'),(70,'70','5',1613.70,'REF-1491','2026-04-23 00:02:19','2026-04-23 00:02:19'),(71,'71','1',981.96,'REF-6136','2026-04-23 00:02:19','2026-04-23 00:02:19'),(72,'72','1',443.66,'REF-3152','2026-04-23 00:02:19','2026-04-23 00:02:19'),(73,'73','4',93.32,'REF-9686','2026-04-23 00:02:19','2026-04-23 00:02:19'),(74,'74','5',4893.71,'REF-7455','2026-04-23 00:02:19','2026-04-23 00:02:19'),(75,'75','5',70.44,'REF-7956','2026-04-23 00:02:19','2026-04-23 00:02:19'),(76,'76','3',904.34,'REF-8476','2026-04-23 00:02:19','2026-04-23 00:02:19'),(77,'77','2',3389.88,'REF-7132','2026-04-23 00:02:19','2026-04-23 00:02:19'),(78,'78','2',557.90,'REF-2641','2026-04-23 00:02:19','2026-04-23 00:02:19'),(79,'79','5',529.30,'REF-1642','2026-04-23 00:02:19','2026-04-23 00:02:19'),(80,'80','1',1664.55,'REF-1928','2026-04-23 00:02:19','2026-04-23 00:02:19'),(81,'81','2',1557.76,'REF-1346','2026-04-23 00:02:19','2026-04-23 00:02:19'),(82,'82','2',1077.49,'REF-7760','2026-04-23 00:02:19','2026-04-23 00:02:19'),(83,'83','1',2425.24,'REF-8233','2026-04-23 00:02:19','2026-04-23 00:02:19'),(84,'84','2',663.96,'REF-5641','2026-04-23 00:02:19','2026-04-23 00:02:19'),(85,'85','5',4154.31,'REF-2494','2026-04-23 00:02:19','2026-04-23 00:02:19'),(86,'86','4',3922.90,'REF-2450','2026-04-23 00:02:19','2026-04-23 00:02:19'),(87,'87','4',4101.50,'REF-4371','2026-04-23 00:02:19','2026-04-23 00:02:19'),(88,'88','2',470.90,'REF-2959','2026-04-23 00:02:19','2026-04-23 00:02:19'),(89,'89','1',5555.36,'REF-2524','2026-04-23 00:02:19','2026-04-23 00:02:19'),(90,'90','5',521.44,'REF-1352','2026-04-23 00:02:19','2026-04-23 00:02:19'),(91,'91','5',3146.53,'REF-3464','2026-04-23 00:02:19','2026-04-23 00:02:19'),(92,'92','4',3502.99,'REF-3853','2026-04-23 00:02:19','2026-04-23 00:02:19'),(93,'93','1',2107.16,'REF-7832','2026-04-23 00:02:20','2026-04-23 00:02:20'),(94,'94','3',4693.64,'REF-8923','2026-04-23 00:02:20','2026-04-23 00:02:20'),(95,'95','5',2649.79,'REF-1598','2026-04-23 00:02:20','2026-04-23 00:02:20'),(96,'96','1',3973.34,'REF-5688','2026-04-23 00:02:20','2026-04-23 00:02:20'),(97,'97','1',3712.59,'REF-1176','2026-04-23 00:02:20','2026-04-23 00:02:20'),(98,'98','1',3338.70,'REF-3105','2026-04-23 00:02:20','2026-04-23 00:02:20'),(99,'99','3',1695.28,'REF-1394','2026-04-23 00:02:20','2026-04-23 00:02:20'),(100,'100','2',5220.07,'REF-8649','2026-04-23 00:02:20','2026-04-23 00:02:20'),(101,'101','3',5130.20,'REF-9524','2026-04-23 00:02:20','2026-04-23 00:02:20'),(102,'102','4',3931.24,'REF-6192','2026-04-23 00:02:20','2026-04-23 00:02:20'),(103,'103','1',2126.49,'REF-2230','2026-04-23 00:02:20','2026-04-23 00:02:20'),(104,'104','2',3993.74,'REF-8650','2026-04-23 00:02:20','2026-04-23 00:02:20'),(105,'105','1',3076.27,'REF-6131','2026-04-23 00:02:20','2026-04-23 00:02:20'),(106,'106','2',2335.02,'REF-2485','2026-04-23 00:02:20','2026-04-23 00:02:20'),(107,'107','3',4404.77,'REF-9655','2026-04-23 00:02:20','2026-04-23 00:02:20'),(108,'108','1',1121.40,'REF-6596','2026-04-23 00:02:20','2026-04-23 00:02:20'),(109,'109','3',2244.94,'REF-3603','2026-04-23 00:02:20','2026-04-23 00:02:20'),(110,'110','4',3353.32,'REF-1062','2026-04-23 00:02:20','2026-04-23 00:02:20'),(111,'111','2',3898.56,'REF-4531','2026-04-23 00:02:21','2026-04-23 00:02:21'),(112,'112','2',1657.20,'REF-9864','2026-04-23 00:02:21','2026-04-23 00:02:21'),(113,'113','5',3487.25,'REF-7079','2026-04-23 00:02:21','2026-04-23 00:02:21'),(114,'114','3',4035.75,'REF-9734','2026-04-23 00:02:21','2026-04-23 00:02:21'),(115,'115','2',3800.32,'REF-3116','2026-04-23 00:02:21','2026-04-23 00:02:21'),(116,'116','1',3078.05,'REF-9527','2026-04-23 00:02:21','2026-04-23 00:02:21'),(117,'117','4',930.14,'REF-8141','2026-04-23 00:02:21','2026-04-23 00:02:21'),(118,'118','3',2669.98,'REF-6872','2026-04-23 00:02:21','2026-04-23 00:02:21'),(119,'119','1',2285.77,'REF-8767','2026-04-23 00:02:21','2026-04-23 00:02:21'),(120,'120','2',4056.14,'REF-9987','2026-04-23 00:02:21','2026-04-23 00:02:21'),(121,'121','4',2953.61,'REF-8145','2026-04-23 00:02:21','2026-04-23 00:02:21'),(122,'122','3',278.95,'REF-7186','2026-04-23 00:02:21','2026-04-23 00:02:21'),(123,'123','4',4905.68,'REF-9807','2026-04-23 00:02:21','2026-04-23 00:02:21'),(124,'124','3',2266.89,'REF-5250','2026-04-23 00:02:21','2026-04-23 00:02:21'),(125,'125','1',3131.37,'REF-1108','2026-04-23 00:02:21','2026-04-23 00:02:21'),(126,'126','1',456.60,'REF-6442','2026-04-23 00:02:21','2026-04-23 00:02:21'),(127,'127','2',1633.45,'REF-2603','2026-04-23 00:02:21','2026-04-23 00:02:21'),(128,'128','2',6828.60,'REF-6044','2026-04-23 00:02:21','2026-04-23 00:02:21'),(129,'129','5',398.31,'REF-4760','2026-04-23 00:02:21','2026-04-23 00:02:21'),(130,'130','5',2706.48,'REF-9798','2026-04-23 00:02:21','2026-04-23 00:02:21'),(131,'131','3',1809.30,'REF-5788','2026-04-23 00:02:21','2026-04-23 00:02:21'),(132,'132','4',250.30,'REF-6765','2026-04-23 00:02:22','2026-04-23 00:02:22'),(133,'133','2',4250.95,'REF-2875','2026-04-23 00:02:22','2026-04-23 00:02:22'),(134,'134','2',2273.82,'REF-1384','2026-04-23 00:02:22','2026-04-23 00:02:22'),(135,'135','4',3228.73,'REF-4064','2026-04-23 00:02:22','2026-04-23 00:02:22'),(136,'136','1',673.24,'REF-1319','2026-04-23 00:02:22','2026-04-23 00:02:22'),(137,'137','2',6092.37,'REF-8078','2026-04-23 00:02:22','2026-04-23 00:02:22'),(138,'138','2',1500.24,'REF-9331','2026-04-23 00:02:22','2026-04-23 00:02:22'),(139,'139','3',1705.44,'REF-9540','2026-04-23 00:02:22','2026-04-23 00:02:22'),(140,'140','1',3663.01,'REF-2188','2026-04-23 00:02:22','2026-04-23 00:02:22'),(141,'141','5',426.63,'REF-4135','2026-04-23 00:02:22','2026-04-23 00:02:22'),(142,'142','3',3226.62,'REF-7078','2026-04-23 00:02:22','2026-04-23 00:02:22'),(143,'143','2',2011.68,'REF-1635','2026-04-23 00:02:22','2026-04-23 00:02:22'),(144,'144','4',3146.48,'REF-6175','2026-04-23 00:02:22','2026-04-23 00:02:22'),(145,'145','4',1092.99,'REF-6131','2026-04-23 00:02:22','2026-04-23 00:02:22'),(146,'146','2',2701.83,'REF-5637','2026-04-23 00:02:22','2026-04-23 00:02:22'),(147,'147','5',2133.00,'REF-7487','2026-04-23 00:02:22','2026-04-23 00:02:22'),(148,'148','1',2574.33,'REF-4765','2026-04-23 00:02:22','2026-04-23 00:02:22'),(149,'149','4',2202.20,'REF-6163','2026-04-23 00:02:22','2026-04-23 00:02:22'),(150,'150','3',2812.15,'REF-8874','2026-04-23 00:02:22','2026-04-23 00:02:22'),(151,'151','2',2133.85,'REF-6025','2026-04-23 00:02:22','2026-04-23 00:02:22'),(152,'152','3',651.42,'REF-9935','2026-04-23 00:02:22','2026-04-23 00:02:22'),(153,'153','1',614.62,'REF-9331','2026-04-23 00:02:22','2026-04-23 00:02:22'),(154,'154','5',5702.73,'REF-3191','2026-04-23 00:02:22','2026-04-23 00:02:22'),(155,'155','1',3408.03,'REF-7533','2026-04-23 00:02:23','2026-04-23 00:02:23'),(156,'156','3',1662.64,'REF-7973','2026-04-23 00:02:23','2026-04-23 00:02:23'),(157,'157','2',7274.94,'REF-9274','2026-04-23 00:02:23','2026-04-23 00:02:23'),(158,'158','2',4463.63,'REF-1187','2026-04-23 00:02:23','2026-04-23 00:02:23'),(159,'159','5',719.36,'REF-2266','2026-04-23 00:02:23','2026-04-23 00:02:23'),(160,'160','1',3064.27,'REF-4273','2026-04-23 00:02:23','2026-04-23 00:02:23'),(161,'161','3',845.37,'REF-3957','2026-04-23 00:02:23','2026-04-23 00:02:23'),(162,'162','4',6154.49,'REF-9225','2026-04-23 00:02:23','2026-04-23 00:02:23'),(163,'163','2',5625.39,'REF-6891','2026-04-23 00:02:23','2026-04-23 00:02:23'),(164,'164','4',1347.39,'REF-3011','2026-04-23 00:02:23','2026-04-23 00:02:23'),(165,'165','5',645.90,'REF-7640','2026-04-23 00:02:23','2026-04-23 00:02:23'),(166,'166','5',2102.18,'REF-7920','2026-04-23 00:02:23','2026-04-23 00:02:23'),(167,'167','3',1428.18,'REF-9805','2026-04-23 00:02:23','2026-04-23 00:02:23'),(168,'168','5',3073.83,'REF-8237','2026-04-23 00:02:23','2026-04-23 00:02:23'),(169,'169','2',1509.96,'REF-8786','2026-04-23 00:02:23','2026-04-23 00:02:23'),(170,'170','2',1554.97,'REF-3753','2026-04-23 00:02:23','2026-04-23 00:02:23'),(171,'171','5',3991.96,'REF-3356','2026-04-23 00:02:23','2026-04-23 00:02:23'),(172,'172','3',3052.12,'REF-5867','2026-04-23 00:02:23','2026-04-23 00:02:23'),(173,'173','5',3289.39,'REF-5701','2026-04-23 00:02:23','2026-04-23 00:02:23'),(174,'174','2',2879.07,'REF-2389','2026-04-23 00:02:23','2026-04-23 00:02:23'),(175,'175','1',2807.78,'REF-8914','2026-04-23 00:02:23','2026-04-23 00:02:23'),(176,'176','1',2353.92,'REF-6749','2026-04-23 00:02:24','2026-04-23 00:02:24'),(177,'177','1',2535.17,'REF-3482','2026-04-23 00:02:24','2026-04-23 00:02:24'),(178,'178','5',863.54,'REF-1647','2026-04-23 00:02:24','2026-04-23 00:02:24'),(179,'179','4',3909.14,'REF-6266','2026-04-23 00:02:24','2026-04-23 00:02:24'),(180,'180','1',2111.57,'REF-2783','2026-04-23 00:02:24','2026-04-23 00:02:24'),(181,'181','3',3450.40,'REF-4710','2026-04-23 00:02:24','2026-04-23 00:02:24'),(182,'182','1',402.92,'REF-1043','2026-04-23 00:02:24','2026-04-23 00:02:24'),(183,'183','5',3763.62,'REF-8120','2026-04-23 00:02:24','2026-04-23 00:02:24'),(184,'184','2',6463.98,'REF-1956','2026-04-23 00:02:24','2026-04-23 00:02:24'),(185,'185','1',1921.16,'REF-1056','2026-04-23 00:02:24','2026-04-23 00:02:24'),(186,'186','1',4511.44,'REF-3315','2026-04-23 00:02:24','2026-04-23 00:02:24'),(187,'187','4',1221.28,'REF-6242','2026-04-23 00:02:24','2026-04-23 00:02:24'),(188,'188','5',1763.30,'REF-5747','2026-04-23 00:02:24','2026-04-23 00:02:24'),(189,'189','4',1384.40,'REF-7060','2026-04-23 00:02:24','2026-04-23 00:02:24'),(190,'190','5',2809.34,'REF-9220','2026-04-23 00:02:24','2026-04-23 00:02:24'),(191,'191','3',2245.33,'REF-5993','2026-04-23 00:02:24','2026-04-23 00:02:24'),(192,'192','2',42.58,'REF-7875','2026-04-23 00:02:24','2026-04-23 00:02:24'),(193,'193','3',5024.14,'REF-9878','2026-04-23 00:02:24','2026-04-23 00:02:24'),(194,'194','5',3155.59,'REF-2166','2026-04-23 00:02:24','2026-04-23 00:02:24'),(195,'195','3',3447.29,'REF-9699','2026-04-23 00:02:24','2026-04-23 00:02:24'),(196,'196','4',1450.52,'REF-1529','2026-04-23 00:02:24','2026-04-23 00:02:24'),(197,'197','4',332.93,'REF-4328','2026-04-23 00:02:24','2026-04-23 00:02:24'),(198,'198','2',1451.91,'REF-3561','2026-04-23 00:02:24','2026-04-23 00:02:24'),(199,'199','1',4349.03,'REF-3624','2026-04-23 00:02:25','2026-04-23 00:02:25'),(200,'200','1',1432.46,'REF-9081','2026-04-23 00:02:25','2026-04-23 00:02:25'),(201,'201','4',200.00,'','2026-04-23 00:39:04','2026-04-23 00:39:04'),(202,'201','2',26854.45,'7777','2026-04-23 00:39:04','2026-04-23 00:39:04'),(203,'202','5',59.99,'4343','2026-04-23 13:48:20','2026-04-23 13:48:20'),(204,'203','1',33000.00,'','2026-04-23 15:29:01','2026-04-23 15:29:01'),(205,'203','5',1.95,'4546','2026-04-23 15:29:01','2026-04-23 15:29:01'),(206,'204','4',400.00,'','2026-04-23 15:57:15','2026-04-23 15:57:15'),(207,'204','1',0.00,'','2026-04-23 15:57:15','2026-04-23 15:57:15'),(208,'205','4',10.00,'','2026-04-23 15:58:22','2026-04-23 15:58:22'),(209,'205','1',3690.85,'','2026-04-23 15:58:22','2026-04-23 15:58:22'),(210,'206','4',40.20,'','2026-04-23 13:48:27','2026-04-23 13:48:27'),(211,'206','1',9603.00,'','2026-04-23 13:48:27','2026-04-23 13:48:27'),(212,'207','5',50.00,'8990','2026-04-23 13:50:07','2026-04-23 13:50:07'),(213,'207','2',4850.00,'1234','2026-04-23 13:50:07','2026-04-23 13:50:07'),(214,'208','1',33950.00,'','2026-04-23 14:28:51','2026-04-23 14:28:51'),(215,'209','4',80.00,'','2026-04-23 15:15:12','2026-04-23 15:15:12'),(216,'209','1',19400.00,'','2026-04-23 15:15:12','2026-04-23 15:15:12'),(217,'210','5',150.00,'3456','2026-04-23 15:17:35','2026-04-23 15:17:35'),(218,'210','1',14550.00,'','2026-04-23 15:17:35','2026-04-23 15:17:35'),(219,'211','2',121250.00,'4509','2026-04-23 15:22:52','2026-04-23 15:22:52'),(220,'212','1',10325.65,'','2026-04-23 15:24:25','2026-04-23 15:24:25');
/*!40000 ALTER TABLE `metodo_pago_ordens` ENABLE KEYS */;
UNLOCK TABLES;

--
-- Table structure for table `migrations`
--

DROP TABLE IF EXISTS `migrations`;
/*!40101 SET @saved_cs_client     = @@character_set_client */;
/*!50503 SET character_set_client = utf8mb4 */;
CREATE TABLE `migrations` (
  `id` int unsigned NOT NULL AUTO_INCREMENT,
  `migration` varchar(191) COLLATE utf8mb4_unicode_ci NOT NULL,
  `batch` int NOT NULL,
  PRIMARY KEY (`id`)
) ENGINE=InnoDB AUTO_INCREMENT=25 DEFAULT CHARSET=utf8mb4 COLLATE=utf8mb4_unicode_ci;
/*!40101 SET character_set_client = @saved_cs_client */;

--
-- Dumping data for table `migrations`
--

LOCK TABLES `migrations` WRITE;
/*!40000 ALTER TABLE `migrations` DISABLE KEYS */;
INSERT INTO `migrations` VALUES (1,'2014_10_12_000000_create_users_table',1),(2,'2014_10_12_100000_create_password_resets_table',1),(3,'2019_02_20_000001_add_dumps_table',1),(4,'2019_08_19_000000_create_failed_jobs_table',1),(5,'2021_06_16_221612_create_permission_tables',1),(6,'2021_07_01_225513_create_clients_table',1),(7,'2021_07_10_140008_create_exchangerates_table',1),(8,'2021_07_11_193702_create_ordens_table',1),(9,'2021_07_11_194537_create_metodo_pago_ordens_table',1),(10,'2021_07_11_195002_create_metodo_de_pagos_table',1),(11,'2021_07_16_185025_create_product_orders_table',1),(12,'2021_07_21_164117_create_vendors_table',1),(13,'2021_07_21_164830_create_categories_table',1),(14,'2021_07_21_165313_create_brands_table',1),(15,'2021_07_22_225433_create_products_table',1),(16,'2021_07_25_032114_create_product_categories_table',1),(17,'2026_04_19_163541_add_role_to_users_table',1),(18,'2026_04_19_163546_create_empleados_table',1),(19,'2026_04_19_163547_create_pagoempleados_table',1),(20,'2026_04_19_190709_add_payment_method_to_pagoempleados_table',1),(21,'2026_04_19_214736_add_user_id_to_orders_table',1),(22,'2026_04_20_234632_add_is_active_to_multiple_tables',1),(23,'2026_04_21_000516_add_is_active_to_clients_table',1),(24,'2026_04_21_200130_add_email_and_phone_to_vendors_table',1);
/*!40000 ALTER TABLE `migrations` ENABLE KEYS */;
UNLOCK TABLES;

--
-- Table structure for table `model_has_permissions`
--

DROP TABLE IF EXISTS `model_has_permissions`;
/*!40101 SET @saved_cs_client     = @@character_set_client */;
/*!50503 SET character_set_client = utf8mb4 */;
CREATE TABLE `model_has_permissions` (
  `permission_id` bigint unsigned NOT NULL,
  `model_type` varchar(191) COLLATE utf8mb4_unicode_ci NOT NULL,
  `model_id` bigint unsigned NOT NULL,
  PRIMARY KEY (`permission_id`,`model_id`,`model_type`),
  KEY `model_has_permissions_model_id_model_type_index` (`model_id`,`model_type`),
  CONSTRAINT `model_has_permissions_permission_id_foreign` FOREIGN KEY (`permission_id`) REFERENCES `permissions` (`id`) ON DELETE CASCADE
) ENGINE=InnoDB DEFAULT CHARSET=utf8mb4 COLLATE=utf8mb4_unicode_ci;
/*!40101 SET character_set_client = @saved_cs_client */;

--
-- Dumping data for table `model_has_permissions`
--

LOCK TABLES `model_has_permissions` WRITE;
/*!40000 ALTER TABLE `model_has_permissions` DISABLE KEYS */;
/*!40000 ALTER TABLE `model_has_permissions` ENABLE KEYS */;
UNLOCK TABLES;

--
-- Table structure for table `model_has_roles`
--

DROP TABLE IF EXISTS `model_has_roles`;
/*!40101 SET @saved_cs_client     = @@character_set_client */;
/*!50503 SET character_set_client = utf8mb4 */;
CREATE TABLE `model_has_roles` (
  `role_id` bigint unsigned NOT NULL,
  `model_type` varchar(191) COLLATE utf8mb4_unicode_ci NOT NULL,
  `model_id` bigint unsigned NOT NULL,
  PRIMARY KEY (`role_id`,`model_id`,`model_type`),
  KEY `model_has_roles_model_id_model_type_index` (`model_id`,`model_type`),
  CONSTRAINT `model_has_roles_role_id_foreign` FOREIGN KEY (`role_id`) REFERENCES `roles` (`id`) ON DELETE CASCADE
) ENGINE=InnoDB DEFAULT CHARSET=utf8mb4 COLLATE=utf8mb4_unicode_ci;
/*!40101 SET character_set_client = @saved_cs_client */;

--
-- Dumping data for table `model_has_roles`
--

LOCK TABLES `model_has_roles` WRITE;
/*!40000 ALTER TABLE `model_has_roles` DISABLE KEYS */;
/*!40000 ALTER TABLE `model_has_roles` ENABLE KEYS */;
UNLOCK TABLES;

--
-- Table structure for table `orders`
--

DROP TABLE IF EXISTS `orders`;
/*!40101 SET @saved_cs_client     = @@character_set_client */;
/*!50503 SET character_set_client = utf8mb4 */;
CREATE TABLE `orders` (
  `id` bigint unsigned NOT NULL AUTO_INCREMENT,
  `cliente_id` bigint unsigned NOT NULL,
  `user_id` bigint unsigned DEFAULT NULL,
  `tasa_cambio` bigint unsigned NOT NULL,
  `monto_orden` decimal(8,2) NOT NULL,
  `created_at` timestamp NULL DEFAULT NULL,
  `updated_at` timestamp NULL DEFAULT NULL,
  PRIMARY KEY (`id`),
  KEY `orders_cliente_id_foreign` (`cliente_id`),
  KEY `orders_tasa_cambio_foreign` (`tasa_cambio`),
  KEY `orders_user_id_foreign` (`user_id`),
  CONSTRAINT `orders_cliente_id_foreign` FOREIGN KEY (`cliente_id`) REFERENCES `clients` (`id`),
  CONSTRAINT `orders_tasa_cambio_foreign` FOREIGN KEY (`tasa_cambio`) REFERENCES `exchangerates` (`id`),
  CONSTRAINT `orders_user_id_foreign` FOREIGN KEY (`user_id`) REFERENCES `users` (`id`) ON DELETE SET NULL
) ENGINE=InnoDB AUTO_INCREMENT=213 DEFAULT CHARSET=utf8mb4 COLLATE=utf8mb4_unicode_ci;
/*!40101 SET character_set_client = @saved_cs_client */;

--
-- Dumping data for table `orders`
--

LOCK TABLES `orders` WRITE;
/*!40000 ALTER TABLE `orders` DISABLE KEYS */;
INSERT INTO `orders` VALUES (1,23,15,1,4874.88,'2026-02-23 01:46:26','2026-04-23 16:51:52'),(2,8,14,1,2878.93,'2025-11-17 01:23:57','2026-04-23 16:51:52'),(3,50,7,1,721.00,'2025-12-21 10:14:55','2026-04-23 16:51:52'),(4,49,4,1,1952.05,'2025-12-11 05:43:52','2026-04-23 16:51:52'),(5,48,15,1,2349.68,'2026-02-16 23:11:12','2026-04-23 16:51:52'),(6,14,7,1,2729.04,'2025-11-22 13:54:43','2026-04-23 16:51:52'),(7,26,10,1,3792.64,'2026-01-02 00:57:05','2026-04-23 16:51:52'),(8,15,18,1,1808.68,'2025-11-12 22:20:35','2026-04-23 16:51:52'),(9,1,13,1,4172.24,'2025-12-17 12:23:44','2026-04-23 16:51:52'),(10,22,16,1,3511.49,'2026-01-02 03:47:02','2026-04-23 16:51:52'),(11,46,2,1,1498.21,'2026-02-04 15:43:16','2026-04-23 16:51:52'),(12,3,18,1,3073.13,'2025-12-14 21:35:38','2026-04-23 16:51:52'),(13,5,15,1,3265.09,'2025-11-08 08:19:05','2026-04-23 16:51:52'),(14,33,14,1,2408.00,'2026-01-26 21:36:43','2026-04-23 16:51:52'),(15,21,5,1,1245.41,'2026-02-27 00:26:22','2026-04-23 16:51:52'),(16,39,14,1,2650.21,'2025-11-12 07:25:28','2026-04-23 16:51:52'),(17,34,4,1,4612.19,'2026-04-10 11:29:59','2026-04-23 16:51:53'),(18,30,6,1,1869.15,'2025-11-17 14:21:04','2026-04-23 16:51:53'),(19,6,17,1,6048.26,'2026-03-17 01:37:51','2026-04-23 16:51:53'),(20,1,17,1,4108.12,'2026-01-31 11:52:01','2026-04-23 16:51:53'),(21,18,4,1,3917.02,'2026-02-13 03:25:23','2026-04-23 16:51:53'),(22,1,3,1,759.52,'2026-01-10 05:51:11','2026-04-23 16:51:53'),(23,7,4,1,772.40,'2026-04-14 09:00:33','2026-04-23 16:51:53'),(24,42,16,1,1500.24,'2025-12-24 20:05:05','2026-04-23 16:51:53'),(25,10,2,1,3408.61,'2026-03-02 13:21:50','2026-04-23 16:51:53'),(26,16,12,1,899.38,'2025-11-01 02:03:06','2026-04-23 16:51:53'),(27,36,10,1,3554.22,'2025-11-18 19:19:33','2026-04-23 16:51:53'),(28,42,9,1,3405.40,'2026-02-02 11:48:34','2026-04-23 16:51:53'),(29,21,3,1,817.50,'2026-02-17 17:01:45','2026-04-23 16:51:53'),(30,29,9,1,3848.53,'2026-04-14 13:35:32','2026-04-23 16:51:53'),(31,34,6,1,1189.86,'2025-10-29 15:57:28','2026-04-23 16:51:53'),(32,25,3,1,3193.12,'2026-04-06 06:19:11','2026-04-23 16:51:53'),(33,46,11,1,1369.80,'2026-01-01 01:34:04','2026-04-23 16:51:53'),(34,35,13,1,5126.75,'2026-01-06 14:33:25','2026-04-23 16:51:53'),(35,23,8,1,1254.77,'2026-02-26 14:54:22','2026-04-23 16:51:53'),(36,6,10,1,2752.64,'2025-12-10 06:12:01','2026-04-23 16:51:53'),(37,50,6,1,3544.77,'2026-02-04 23:41:34','2026-04-23 16:51:53'),(38,43,13,1,3849.74,'2025-12-31 21:00:27','2026-04-23 16:51:53'),(39,49,13,1,493.17,'2026-01-16 19:58:45','2026-04-23 16:51:53'),(40,8,10,1,2904.60,'2026-03-23 23:56:07','2026-04-23 16:51:53'),(41,31,3,1,1219.83,'2025-12-09 05:53:36','2026-04-23 16:51:53'),(42,7,6,1,3185.12,'2026-03-29 17:35:41','2026-04-23 16:51:53'),(43,36,14,1,3395.12,'2025-11-11 06:53:41','2026-04-23 16:51:53'),(44,50,15,1,4250.13,'2025-11-07 06:18:11','2026-04-23 16:51:53'),(45,4,4,1,2435.70,'2025-12-04 17:06:45','2026-04-23 16:51:53'),(46,41,18,1,3417.58,'2026-02-17 02:34:37','2026-04-23 16:51:53'),(47,22,12,1,3212.81,'2026-01-21 06:14:13','2026-04-23 16:51:53'),(48,38,7,1,3235.88,'2026-01-07 02:28:25','2026-04-23 16:51:53'),(49,15,10,1,3479.28,'2025-11-02 07:07:08','2026-04-23 16:51:53'),(50,42,4,1,4108.14,'2026-03-20 14:33:49','2026-04-23 16:51:53'),(51,10,6,1,3500.63,'2026-04-06 19:15:17','2026-04-23 16:51:53'),(52,37,16,1,338.68,'2026-04-16 04:54:25','2026-04-23 16:51:53'),(53,34,6,1,4183.63,'2025-12-18 08:27:33','2026-04-23 16:51:53'),(54,3,4,1,1608.46,'2026-04-05 11:09:23','2026-04-23 16:51:53'),(55,23,12,1,3737.47,'2026-04-10 23:01:22','2026-04-23 16:51:53'),(56,5,4,1,815.25,'2025-10-23 08:48:30','2026-04-23 16:51:53'),(57,20,9,1,3321.85,'2026-02-08 08:18:16','2026-04-23 16:51:53'),(58,5,6,1,5277.76,'2025-11-17 09:42:58','2026-04-23 16:51:53'),(59,38,8,1,4343.14,'2025-12-31 23:05:13','2026-04-23 16:51:53'),(60,48,5,1,2286.94,'2026-01-05 22:09:44','2026-04-23 16:51:53'),(61,13,2,1,1676.00,'2025-11-07 03:24:36','2026-04-23 16:51:53'),(62,41,6,1,94.18,'2026-04-20 01:57:46','2026-04-23 16:51:53'),(63,39,18,1,425.04,'2025-10-30 11:11:02','2026-04-23 16:51:53'),(64,4,15,1,1727.08,'2025-10-25 11:20:31','2026-04-23 16:51:53'),(65,33,10,1,716.12,'2025-10-24 09:54:16','2026-04-23 16:51:53'),(66,31,13,1,3390.06,'2026-03-04 00:56:00','2026-04-23 16:51:53'),(67,31,18,1,3463.34,'2026-03-01 14:49:10','2026-04-23 16:51:53'),(68,41,8,1,2453.86,'2026-03-20 20:46:49','2026-04-23 16:51:53'),(69,3,9,1,2691.21,'2025-10-26 10:15:36','2026-04-23 16:51:53'),(70,31,15,1,1613.70,'2025-12-11 13:25:16','2026-04-23 16:51:53'),(71,27,18,1,981.96,'2025-11-08 22:15:46','2026-04-23 16:51:53'),(72,44,17,1,443.66,'2025-11-24 08:59:31','2026-04-23 16:51:53'),(73,39,13,1,93.32,'2026-03-13 08:11:45','2026-04-23 16:51:53'),(74,23,13,1,4893.71,'2026-04-12 19:21:30','2026-04-23 16:51:53'),(75,22,5,1,70.44,'2026-03-06 12:13:16','2026-04-23 16:51:53'),(76,18,11,1,904.34,'2025-12-22 08:30:35','2026-04-23 16:51:53'),(77,5,10,1,3389.88,'2025-11-04 16:00:15','2026-04-23 16:51:53'),(78,21,13,1,557.90,'2026-01-05 07:53:52','2026-04-23 16:51:53'),(79,19,11,1,529.30,'2025-11-13 14:06:17','2026-04-23 16:51:53'),(80,47,7,1,1664.55,'2026-03-26 21:34:29','2026-04-23 16:51:53'),(81,39,12,1,1557.76,'2025-10-31 01:47:10','2026-04-23 16:51:53'),(82,6,15,1,1077.49,'2025-11-11 10:43:38','2026-04-23 16:51:53'),(83,45,5,1,2425.24,'2026-03-20 22:37:40','2026-04-23 16:51:53'),(84,48,9,1,663.96,'2026-02-27 21:31:18','2026-04-23 16:51:53'),(85,28,3,1,4154.31,'2026-01-11 09:03:24','2026-04-23 16:51:53'),(86,22,4,1,3922.90,'2026-02-04 16:56:56','2026-04-23 16:51:53'),(87,8,2,1,4101.50,'2025-12-14 16:56:38','2026-04-23 16:51:53'),(88,46,15,1,470.90,'2025-11-24 11:33:09','2026-04-23 16:51:53'),(89,45,2,1,5555.36,'2026-02-01 12:44:05','2026-04-23 16:51:53'),(90,37,4,1,521.44,'2026-03-24 08:18:10','2026-04-23 16:51:53'),(91,40,16,1,3146.53,'2025-11-20 20:26:23','2026-04-23 16:51:53'),(92,13,4,1,3502.99,'2025-12-31 12:20:21','2026-04-23 16:51:53'),(93,11,7,1,2107.16,'2026-04-09 13:14:19','2026-04-23 16:51:53'),(94,42,5,1,4693.64,'2026-01-01 07:30:40','2026-04-23 16:51:53'),(95,45,18,1,2649.79,'2026-02-25 05:51:01','2026-04-23 16:51:53'),(96,32,17,1,3973.34,'2025-11-20 16:06:01','2026-04-23 16:51:53'),(97,48,15,1,3712.59,'2026-01-29 16:24:41','2026-04-23 16:51:53'),(98,9,17,1,3338.70,'2025-12-16 19:17:26','2026-04-23 16:51:53'),(99,14,2,1,1695.28,'2025-11-25 21:32:51','2026-04-23 16:51:53'),(100,19,9,1,5220.07,'2026-04-21 11:36:29','2026-04-23 16:51:53'),(101,44,16,1,5130.20,'2025-12-25 16:42:31','2026-04-23 16:51:53'),(102,8,14,1,3931.24,'2025-12-26 19:39:28','2026-04-23 16:51:53'),(103,38,16,1,2126.49,'2025-10-31 16:37:12','2026-04-23 16:51:53'),(104,21,9,1,3993.74,'2025-12-04 15:12:30','2026-04-23 16:51:53'),(105,41,3,1,3076.27,'2026-03-22 21:49:46','2026-04-23 16:51:53'),(106,6,4,1,2335.02,'2025-10-24 20:16:05','2026-04-23 16:51:53'),(107,39,4,1,4404.77,'2026-02-04 15:43:05','2026-04-23 16:51:53'),(108,8,3,1,1121.40,'2026-02-05 21:44:25','2026-04-23 16:51:53'),(109,50,5,1,2244.94,'2025-11-21 01:58:24','2026-04-23 16:51:53'),(110,49,15,1,3353.32,'2026-02-06 17:26:12','2026-04-23 16:51:53'),(111,9,6,1,3898.56,'2025-12-15 16:00:15','2026-04-23 16:51:53'),(112,27,11,1,1657.20,'2026-01-05 21:11:15','2026-04-23 16:51:54'),(113,36,15,1,3487.25,'2026-03-08 02:40:56','2026-04-23 16:51:54'),(114,10,15,1,4035.75,'2025-12-28 08:07:39','2026-04-23 16:51:54'),(115,18,18,1,3800.32,'2026-01-16 19:56:19','2026-04-23 16:51:54'),(116,48,6,1,3078.05,'2026-01-08 14:24:12','2026-04-23 16:51:54'),(117,10,3,1,930.14,'2026-03-11 10:22:26','2026-04-23 16:51:54'),(118,16,9,1,2669.98,'2026-03-16 18:47:04','2026-04-23 16:51:54'),(119,30,16,1,2285.77,'2025-11-24 11:59:11','2026-04-23 16:51:54'),(120,44,14,1,4056.14,'2026-03-14 01:50:26','2026-04-23 16:51:54'),(121,31,4,1,2953.61,'2025-11-05 05:25:28','2026-04-23 16:51:54'),(122,19,8,1,278.95,'2025-12-04 05:50:42','2026-04-23 16:51:54'),(123,4,13,1,4905.68,'2026-02-19 02:45:57','2026-04-23 16:51:54'),(124,49,10,1,2266.89,'2026-03-09 04:55:12','2026-04-23 16:51:54'),(125,12,13,1,3131.37,'2026-04-14 08:23:02','2026-04-23 16:51:54'),(126,19,18,1,456.60,'2026-04-03 06:09:17','2026-04-23 16:51:54'),(127,40,2,1,1633.45,'2026-04-01 22:51:39','2026-04-23 16:51:54'),(128,4,5,1,6828.60,'2025-11-03 21:39:51','2026-04-23 16:51:54'),(129,4,2,1,398.31,'2025-12-08 11:06:19','2026-04-23 16:51:54'),(130,49,17,1,2706.48,'2025-11-09 21:17:46','2026-04-23 16:51:54'),(131,9,16,1,1809.30,'2025-12-10 08:26:39','2026-04-23 16:51:54'),(132,38,13,1,250.30,'2025-11-07 02:59:45','2026-04-23 16:51:54'),(133,17,18,1,4250.95,'2025-11-09 12:35:35','2026-04-23 16:51:54'),(134,18,8,1,2273.82,'2026-01-22 08:00:40','2026-04-23 16:51:54'),(135,9,13,1,3228.73,'2025-11-09 23:10:10','2026-04-23 16:51:54'),(136,31,5,1,673.24,'2026-03-21 03:06:19','2026-04-23 16:51:54'),(137,42,18,1,6092.37,'2025-11-24 16:59:38','2026-04-23 16:51:54'),(138,19,18,1,1500.24,'2026-02-18 09:39:05','2026-04-23 16:51:54'),(139,20,18,1,1705.44,'2026-04-13 13:15:31','2026-04-23 16:51:54'),(140,14,2,1,3663.01,'2025-12-07 11:08:40','2026-04-23 16:51:54'),(141,20,17,1,426.63,'2025-12-06 11:13:59','2026-04-23 16:51:54'),(142,15,18,1,3226.62,'2026-03-05 20:06:34','2026-04-23 16:51:54'),(143,36,10,1,2011.68,'2026-01-31 02:54:48','2026-04-23 16:51:54'),(144,34,13,1,3146.48,'2025-12-09 23:11:13','2026-04-23 16:51:54'),(145,7,5,1,1092.99,'2025-11-08 04:10:23','2026-04-23 16:51:54'),(146,48,16,1,2701.83,'2025-11-25 18:06:33','2026-04-23 16:51:54'),(147,44,6,1,2133.00,'2026-03-14 01:51:51','2026-04-23 16:51:54'),(148,40,10,1,2574.33,'2026-02-25 23:43:16','2026-04-23 16:51:54'),(149,33,15,1,2202.20,'2026-02-25 00:48:35','2026-04-23 16:51:54'),(150,46,7,1,2812.15,'2025-11-10 01:00:21','2026-04-23 16:51:54'),(151,21,8,1,2133.85,'2026-04-02 23:05:12','2026-04-23 16:51:54'),(152,11,11,1,651.42,'2025-12-13 21:44:31','2026-04-23 16:51:54'),(153,28,13,1,614.62,'2025-11-20 20:59:22','2026-04-23 16:51:54'),(154,23,4,1,5702.73,'2025-11-17 09:05:37','2026-04-23 16:51:54'),(155,40,11,1,3408.03,'2026-03-12 02:45:03','2026-04-23 16:51:54'),(156,38,12,1,1662.64,'2026-02-10 22:58:42','2026-04-23 16:51:54'),(157,10,3,1,7274.94,'2026-01-22 00:18:30','2026-04-23 16:51:54'),(158,26,18,1,4463.63,'2025-10-23 00:10:29','2026-04-23 16:51:54'),(159,5,9,1,719.36,'2026-02-03 04:58:48','2026-04-23 16:51:54'),(160,26,11,1,3064.27,'2026-02-08 07:56:08','2026-04-23 16:51:54'),(161,18,2,1,845.37,'2026-03-25 12:20:05','2026-04-23 16:51:54'),(162,41,8,1,6154.49,'2025-10-28 04:51:34','2026-04-23 16:51:54'),(163,24,7,1,5625.39,'2026-04-02 14:47:23','2026-04-23 16:51:54'),(164,18,8,1,1347.39,'2026-02-01 03:21:58','2026-04-23 16:51:54'),(165,36,12,1,645.90,'2025-12-27 15:59:09','2026-04-23 16:51:54'),(166,6,13,1,2102.18,'2025-12-01 16:44:11','2026-04-23 16:51:54'),(167,47,4,1,1428.18,'2025-12-11 15:11:46','2026-04-23 16:51:54'),(168,12,18,1,3073.83,'2025-12-14 04:05:55','2026-04-23 16:51:54'),(169,1,18,1,1509.96,'2026-04-12 17:44:42','2026-04-23 16:51:54'),(170,37,6,1,1554.97,'2025-11-25 12:08:01','2026-04-23 16:51:54'),(171,44,10,1,3991.96,'2025-11-12 16:26:10','2026-04-23 16:51:54'),(172,11,7,1,3052.12,'2026-03-07 21:05:41','2026-04-23 16:51:54'),(173,36,17,1,3289.39,'2026-02-16 15:05:06','2026-04-23 16:51:54'),(174,22,9,1,2879.07,'2025-11-19 20:41:31','2026-04-23 16:51:54'),(175,19,4,1,2807.78,'2025-11-27 20:05:32','2026-04-23 16:51:54'),(176,7,5,1,2353.92,'2025-12-23 16:05:21','2026-04-23 16:51:54'),(177,26,14,1,2535.17,'2026-01-12 04:24:00','2026-04-23 16:51:54'),(178,19,16,1,863.54,'2025-11-12 20:03:01','2026-04-23 16:51:54'),(179,21,3,1,3909.14,'2026-03-30 11:16:43','2026-04-23 16:51:54'),(180,2,14,1,2111.57,'2025-10-23 10:33:50','2026-04-23 16:51:54'),(181,37,17,1,3450.40,'2026-04-20 09:55:19','2026-04-23 16:51:54'),(182,29,11,1,402.92,'2026-02-25 12:16:09','2026-04-23 16:51:54'),(183,11,12,1,3763.62,'2025-12-19 20:30:37','2026-04-23 16:51:54'),(184,37,10,1,6463.98,'2025-10-29 11:52:45','2026-04-23 16:51:54'),(185,31,11,1,1921.16,'2025-12-12 21:53:02','2026-04-23 16:51:54'),(186,26,4,1,4511.44,'2025-12-16 14:43:11','2026-04-23 16:51:54'),(187,22,10,1,1221.28,'2026-03-22 04:06:13','2026-04-23 16:51:54'),(188,11,17,1,1763.30,'2025-11-09 02:31:46','2026-04-23 16:51:54'),(189,4,8,1,1384.40,'2025-11-15 08:49:27','2026-04-23 16:51:54'),(190,40,18,1,2809.34,'2026-04-17 05:05:52','2026-04-23 16:51:54'),(191,39,18,1,2245.33,'2026-01-08 03:58:31','2026-04-23 16:51:54'),(192,24,7,1,42.58,'2026-02-10 08:08:57','2026-04-23 16:51:54'),(193,43,3,1,5024.14,'2026-03-28 10:16:28','2026-04-23 16:51:54'),(194,14,5,1,3155.59,'2025-11-27 06:09:04','2026-04-23 16:51:54'),(195,22,8,1,3447.29,'2026-03-12 01:20:26','2026-04-23 16:51:54'),(196,37,12,1,1450.52,'2026-03-10 07:41:18','2026-04-23 16:51:54'),(197,15,9,1,332.93,'2026-03-24 10:46:33','2026-04-23 16:51:54'),(198,42,10,1,1451.91,'2026-04-12 20:47:46','2026-04-23 16:51:54'),(199,20,16,1,4349.03,'2025-11-03 10:03:23','2026-04-23 16:51:54'),(200,25,11,1,1432.46,'2026-02-05 16:49:55','2026-04-23 16:51:54'),(201,51,3,2,255.37,'2026-04-23 00:39:04','2026-04-23 16:51:54'),(202,53,18,2,59.99,'2026-04-23 13:48:20','2026-04-23 16:51:54'),(203,54,10,2,69.99,'2026-04-23 15:29:01','2026-04-23 16:51:54'),(204,58,9,2,463.82,'2026-04-23 15:57:15','2026-04-23 16:51:54'),(205,57,3,2,17.61,'2026-04-23 15:58:22','2026-04-23 16:51:54'),(206,63,18,2,60.00,'2026-04-23 13:48:27','2026-04-23 13:48:27'),(207,64,17,2,60.00,'2026-04-23 13:50:07','2026-04-23 13:50:07'),(208,52,17,2,70.00,'2026-04-23 14:28:51','2026-04-23 14:28:51'),(209,58,18,2,120.00,'2026-04-23 15:15:12','2026-04-23 15:15:12'),(210,65,18,2,180.00,'2026-04-23 15:17:35','2026-04-23 15:17:35'),(211,52,19,2,250.00,'2026-04-23 15:22:52','2026-04-23 15:22:52'),(212,66,19,2,21.29,'2026-04-23 15:24:25','2026-04-23 15:24:25');
/*!40000 ALTER TABLE `orders` ENABLE KEYS */;
UNLOCK TABLES;

--
-- Table structure for table `pagoempleados`
--

DROP TABLE IF EXISTS `pagoempleados`;
/*!40101 SET @saved_cs_client     = @@character_set_client */;
/*!50503 SET character_set_client = utf8mb4 */;
CREATE TABLE `pagoempleados` (
  `id` bigint unsigned NOT NULL AUTO_INCREMENT,
  `empleado_id` bigint unsigned NOT NULL,
  `amount` decimal(10,2) NOT NULL,
  `reference` varchar(191) COLLATE utf8mb4_unicode_ci DEFAULT NULL,
  `payment_date` date NOT NULL,
  `created_at` timestamp NULL DEFAULT NULL,
  `updated_at` timestamp NULL DEFAULT NULL,
  `payment_method` varchar(191) COLLATE utf8mb4_unicode_ci NOT NULL DEFAULT 'Efectivo',
  PRIMARY KEY (`id`),
  KEY `pagoempleados_empleado_id_foreign` (`empleado_id`),
  CONSTRAINT `pagoempleados_empleado_id_foreign` FOREIGN KEY (`empleado_id`) REFERENCES `empleados` (`id`) ON DELETE CASCADE
) ENGINE=InnoDB AUTO_INCREMENT=106 DEFAULT CHARSET=utf8mb4 COLLATE=utf8mb4_unicode_ci;
/*!40101 SET character_set_client = @saved_cs_client */;

--
-- Dumping data for table `pagoempleados`
--

LOCK TABLES `pagoempleados` WRITE;
/*!40000 ALTER TABLE `pagoempleados` DISABLE KEYS */;
INSERT INTO `pagoempleados` VALUES (1,11,332.32,'REF-88573797','2026-02-08','2026-02-08 20:38:04','2026-02-08 20:38:04','Transferencia'),(2,12,300.06,'REF-20044272','2025-11-10','2025-11-10 06:56:32','2025-11-10 06:56:32','Transferencia'),(3,2,335.24,'REF-38581707','2026-03-20','2026-03-20 00:48:08','2026-03-20 00:48:08','Transferencia'),(4,1,458.84,'REF-80179083','2025-11-08','2025-11-08 04:57:21','2025-11-08 04:57:21','Efectivo'),(5,6,430.91,'REF-95553407','2026-03-17','2026-03-17 10:46:50','2026-03-17 10:46:50','Transferencia'),(6,13,182.68,'REF-72323791','2026-03-14','2026-03-14 03:48:25','2026-03-14 03:48:25','Efectivo'),(7,10,245.92,'REF-28015102','2026-01-07','2026-01-07 21:23:48','2026-01-07 21:23:48','Transferencia'),(8,7,304.04,'REF-19762225','2025-10-26','2025-10-26 13:25:03','2025-10-26 13:25:03','Efectivo'),(9,7,338.10,'REF-57235199','2025-11-16','2025-11-16 16:49:46','2025-11-16 16:49:46','Transferencia'),(10,8,472.41,'REF-12102536','2026-01-02','2026-01-02 21:31:10','2026-01-02 21:31:10','Transferencia'),(11,3,192.33,'REF-56578687','2026-04-02','2026-04-02 07:48:20','2026-04-02 07:48:20','Pago Móvil'),(12,7,164.87,'REF-30730575','2025-12-02','2025-12-02 09:24:53','2025-12-02 09:24:53','Transferencia'),(13,11,491.28,'REF-36419739','2025-12-21','2025-12-21 14:41:36','2025-12-21 14:41:36','Pago Móvil'),(14,2,427.81,'REF-20997883','2026-01-07','2026-01-07 16:21:55','2026-01-07 16:21:55','Transferencia'),(15,14,150.34,'REF-25209145','2025-10-25','2025-10-25 23:22:45','2025-10-25 23:22:45','Zelle'),(16,14,224.90,'REF-04486033','2026-03-26','2026-03-26 07:19:21','2026-03-26 07:19:21','Transferencia'),(17,6,277.35,'REF-58938878','2025-11-16','2025-11-16 19:40:10','2025-11-16 19:40:10','Efectivo'),(18,9,434.53,'REF-49284095','2025-12-13','2025-12-13 15:10:30','2025-12-13 15:10:30','Efectivo'),(19,12,103.67,'REF-03308517','2026-03-09','2026-03-09 10:51:41','2026-03-09 10:51:41','Pago Móvil'),(20,5,495.28,'REF-03645681','2026-01-18','2026-01-18 23:26:02','2026-01-18 23:26:02','Efectivo'),(21,8,444.76,'REF-89931579','2026-01-18','2026-01-18 13:26:40','2026-01-18 13:26:40','Pago Móvil'),(22,13,469.68,'REF-46450644','2026-01-22','2026-01-22 18:18:48','2026-01-22 18:18:48','Efectivo'),(23,7,127.70,'REF-61982277','2026-04-21','2026-04-21 00:54:30','2026-04-21 00:54:30','Transferencia'),(24,15,475.27,'REF-39312499','2025-11-07','2025-11-07 10:34:06','2025-11-07 10:34:06','Pago Móvil'),(25,9,104.41,'REF-22756227','2026-02-11','2026-02-11 14:23:59','2026-02-11 14:23:59','Pago Móvil'),(26,15,320.70,'REF-09270470','2026-02-14','2026-02-14 18:17:00','2026-02-14 18:17:00','Zelle'),(27,5,279.73,'REF-72087307','2026-03-03','2026-03-03 09:14:34','2026-03-03 09:14:34','Transferencia'),(28,11,277.68,'REF-49989530','2025-11-10','2025-11-10 23:46:04','2025-11-10 23:46:04','Efectivo'),(29,7,409.55,'REF-03165481','2026-04-09','2026-04-09 05:32:54','2026-04-09 05:32:54','Zelle'),(30,13,374.28,'REF-03926954','2025-12-01','2025-12-01 07:38:44','2025-12-01 07:38:44','Pago Móvil'),(31,5,406.18,'REF-20746317','2026-01-18','2026-01-18 16:19:14','2026-01-18 16:19:14','Pago Móvil'),(32,12,414.00,'REF-28893493','2026-03-12','2026-03-12 19:35:48','2026-03-12 19:35:48','Efectivo'),(33,14,465.52,'REF-78295531','2025-11-20','2025-11-20 20:16:25','2025-11-20 20:16:25','Transferencia'),(34,6,467.23,'REF-41940719','2026-04-11','2026-04-11 14:18:23','2026-04-11 14:18:23','Transferencia'),(35,11,175.90,'REF-18025354','2026-01-26','2026-01-26 01:08:49','2026-01-26 01:08:49','Efectivo'),(36,12,314.16,'REF-16819140','2025-12-24','2025-12-24 20:15:46','2025-12-24 20:15:46','Pago Móvil'),(37,13,383.57,'REF-10342507','2025-11-23','2025-11-23 13:06:19','2025-11-23 13:06:19','Zelle'),(38,5,333.50,'REF-88993507','2026-04-17','2026-04-17 15:31:22','2026-04-17 15:31:22','Pago Móvil'),(39,11,343.93,'REF-63558922','2025-12-27','2025-12-27 20:10:44','2025-12-27 20:10:44','Zelle'),(40,13,245.59,'REF-77229921','2026-04-14','2026-04-14 02:15:52','2026-04-14 02:15:52','Transferencia'),(41,8,425.01,'REF-23551638','2026-02-14','2026-02-14 11:22:11','2026-02-14 11:22:11','Pago Móvil'),(42,2,352.55,'REF-67153673','2026-04-06','2026-04-06 19:30:46','2026-04-06 19:30:46','Pago Móvil'),(43,10,275.95,'REF-12649284','2026-01-19','2026-01-19 16:45:18','2026-01-19 16:45:18','Transferencia'),(44,8,213.54,'REF-64452279','2026-01-30','2026-01-30 08:34:15','2026-01-30 08:34:15','Transferencia'),(45,10,271.95,'REF-18882721','2026-02-13','2026-02-13 19:31:17','2026-02-13 19:31:17','Transferencia'),(46,8,386.40,'REF-11994511','2026-03-03','2026-03-03 23:55:24','2026-03-03 23:55:24','Pago Móvil'),(47,3,452.92,'REF-02860130','2025-12-11','2025-12-11 02:11:13','2025-12-11 02:11:13','Pago Móvil'),(48,12,489.94,'REF-14430302','2025-11-29','2025-11-29 07:17:43','2025-11-29 07:17:43','Zelle'),(49,2,250.03,'REF-35686213','2026-04-12','2026-04-12 16:32:00','2026-04-12 16:32:00','Transferencia'),(50,7,119.58,'REF-55188868','2025-12-01','2025-12-01 18:45:14','2025-12-01 18:45:14','Zelle'),(51,12,300.26,'REF-36308737','2026-01-18','2026-01-18 09:25:00','2026-01-18 09:25:00','Pago Móvil'),(52,14,399.85,'REF-38053937','2026-04-21','2026-04-21 22:32:22','2026-04-21 22:32:22','Pago Móvil'),(53,12,217.34,'REF-29354615','2025-11-23','2025-11-23 20:35:41','2025-11-23 20:35:41','Efectivo'),(54,1,297.62,'REF-33340721','2026-03-30','2026-03-30 11:57:17','2026-03-30 11:57:17','Efectivo'),(55,14,217.38,'REF-44118021','2026-01-11','2026-01-11 07:54:41','2026-01-11 07:54:41','Efectivo'),(56,8,380.29,'REF-31787373','2026-02-28','2026-02-28 15:54:31','2026-02-28 15:54:31','Transferencia'),(57,9,395.93,'REF-97434495','2025-11-09','2025-11-09 18:18:55','2025-11-09 18:18:55','Transferencia'),(58,10,162.15,'REF-13801518','2025-12-31','2025-12-31 16:27:13','2025-12-31 16:27:13','Transferencia'),(59,15,178.93,'REF-33205436','2026-04-15','2026-04-15 17:33:59','2026-04-15 17:33:59','Efectivo'),(60,9,299.90,'REF-99285640','2025-11-19','2025-11-19 08:51:13','2025-11-19 08:51:13','Efectivo'),(61,3,106.92,'REF-93172422','2026-03-16','2026-03-16 05:46:23','2026-03-16 05:46:23','Pago Móvil'),(62,5,230.63,'REF-39787591','2026-04-05','2026-04-05 23:11:32','2026-04-05 23:11:32','Zelle'),(63,6,183.65,'REF-02806910','2026-02-03','2026-02-03 08:53:30','2026-02-03 08:53:30','Zelle'),(64,2,424.02,'REF-19646696','2025-11-02','2025-11-02 23:03:25','2025-11-02 23:03:25','Efectivo'),(65,4,371.52,'REF-11736011','2026-04-01','2026-04-01 22:03:35','2026-04-01 22:03:35','Zelle'),(66,10,201.24,'REF-01064154','2025-12-25','2025-12-25 09:09:52','2025-12-25 09:09:52','Transferencia'),(67,8,452.33,'REF-00573069','2025-11-02','2025-11-02 14:48:00','2025-11-02 14:48:00','Zelle'),(68,1,221.82,'REF-96502117','2025-11-20','2025-11-20 05:34:41','2025-11-20 05:34:41','Pago Móvil'),(69,11,111.66,'REF-34331273','2026-04-20','2026-04-20 17:17:59','2026-04-20 17:17:59','Zelle'),(70,9,319.15,'REF-80809204','2026-01-18','2026-01-18 04:10:23','2026-01-18 04:10:23','Pago Móvil'),(71,3,453.02,'REF-59411383','2026-01-05','2026-01-05 03:44:41','2026-01-05 03:44:41','Zelle'),(72,6,273.17,'REF-30836800','2026-01-25','2026-01-25 02:10:32','2026-01-25 02:10:32','Efectivo'),(73,7,349.49,'REF-62327559','2025-10-30','2025-10-30 16:37:15','2025-10-30 16:37:15','Efectivo'),(74,3,284.51,'REF-76917726','2025-12-01','2025-12-01 20:43:55','2025-12-01 20:43:55','Transferencia'),(75,13,235.55,'REF-06766929','2026-02-07','2026-02-07 07:50:14','2026-02-07 07:50:14','Efectivo'),(76,4,371.27,'REF-77088208','2025-11-07','2025-11-07 02:05:20','2025-11-07 02:05:20','Zelle'),(77,11,162.01,'REF-77026010','2026-03-19','2026-03-19 23:02:06','2026-03-19 23:02:06','Zelle'),(78,7,344.92,'REF-70612576','2026-01-29','2026-01-29 03:54:34','2026-01-29 03:54:34','Pago Móvil'),(79,4,380.72,'REF-62470696','2025-11-22','2025-11-22 11:07:37','2025-11-22 11:07:37','Zelle'),(80,15,279.43,'REF-71907348','2026-04-20','2026-04-20 15:47:06','2026-04-20 15:47:06','Transferencia'),(81,7,269.52,'REF-61711862','2025-12-23','2025-12-23 23:44:07','2025-12-23 23:44:07','Pago Móvil'),(82,13,483.92,'REF-95775901','2026-03-23','2026-03-23 10:27:28','2026-03-23 10:27:28','Pago Móvil'),(83,7,339.79,'REF-61475513','2026-01-05','2026-01-05 17:53:52','2026-01-05 17:53:52','Efectivo'),(84,11,133.27,'REF-81126959','2026-03-27','2026-03-27 12:49:21','2026-03-27 12:49:21','Transferencia'),(85,13,270.30,'REF-54734942','2025-12-20','2025-12-20 07:15:33','2025-12-20 07:15:33','Transferencia'),(86,3,355.23,'REF-56177354','2026-02-27','2026-02-27 08:26:53','2026-02-27 08:26:53','Transferencia'),(87,3,399.72,'REF-37923228','2026-02-02','2026-02-02 13:31:31','2026-02-02 13:31:31','Pago Móvil'),(88,13,338.86,'REF-03607553','2025-12-12','2025-12-12 17:46:17','2025-12-12 17:46:17','Transferencia'),(89,12,344.47,'REF-61570235','2025-12-15','2025-12-15 03:27:13','2025-12-15 03:27:13','Pago Móvil'),(90,13,294.18,'REF-13904137','2026-02-08','2026-02-08 15:31:38','2026-02-08 15:31:38','Transferencia'),(91,11,156.57,'REF-83733119','2026-01-29','2026-01-29 08:28:52','2026-01-29 08:28:52','Zelle'),(92,12,177.90,'REF-11394939','2026-01-31','2026-01-31 15:14:41','2026-01-31 15:14:41','Pago Móvil'),(93,15,106.92,'REF-17635485','2026-03-25','2026-03-25 12:06:28','2026-03-25 12:06:28','Efectivo'),(94,2,393.11,'REF-77668310','2026-02-08','2026-02-08 04:07:59','2026-02-08 04:07:59','Pago Móvil'),(95,4,473.40,'REF-93580625','2025-11-05','2025-11-05 18:21:11','2025-11-05 18:21:11','Zelle'),(96,13,412.02,'REF-24640264','2026-01-12','2026-01-12 21:15:02','2026-01-12 21:15:02','Pago Móvil'),(97,9,316.60,'REF-65566731','2025-12-12','2025-12-12 22:07:09','2025-12-12 22:07:09','Pago Móvil'),(98,10,416.39,'REF-78210209','2025-11-01','2025-11-01 16:38:26','2025-11-01 16:38:26','Zelle'),(99,8,445.16,'REF-28356014','2026-01-16','2026-01-16 08:59:30','2026-01-16 08:59:30','Zelle'),(100,4,432.50,'REF-90294785','2026-04-12','2026-04-12 08:10:36','2026-04-12 08:10:36','Zelle'),(101,16,350.00,'768901','2026-04-23','2026-04-23 00:34:10','2026-04-23 00:34:10','Transferencia'),(102,4,498.67,NULL,'2026-04-23','2026-04-23 13:57:06','2026-04-23 13:57:06','Efectivo'),(103,17,1000.00,'5460','2026-04-23','2026-04-23 17:41:37','2026-04-23 17:41:37','Transferencia'),(104,16,5.00,NULL,'2026-04-23','2026-04-23 13:43:30','2026-04-23 13:43:30','Efectivo'),(105,18,150.00,'4567','2026-04-23','2026-04-23 15:13:21','2026-04-23 15:13:21','Transferencia');
/*!40000 ALTER TABLE `pagoempleados` ENABLE KEYS */;
UNLOCK TABLES;

--
-- Table structure for table `password_resets`
--

DROP TABLE IF EXISTS `password_resets`;
/*!40101 SET @saved_cs_client     = @@character_set_client */;
/*!50503 SET character_set_client = utf8mb4 */;
CREATE TABLE `password_resets` (
  `email` varchar(191) COLLATE utf8mb4_unicode_ci NOT NULL,
  `token` varchar(191) COLLATE utf8mb4_unicode_ci NOT NULL,
  `created_at` timestamp NULL DEFAULT NULL,
  KEY `password_resets_email_index` (`email`)
) ENGINE=InnoDB DEFAULT CHARSET=utf8mb4 COLLATE=utf8mb4_unicode_ci;
/*!40101 SET character_set_client = @saved_cs_client */;

--
-- Dumping data for table `password_resets`
--

LOCK TABLES `password_resets` WRITE;
/*!40000 ALTER TABLE `password_resets` DISABLE KEYS */;
/*!40000 ALTER TABLE `password_resets` ENABLE KEYS */;
UNLOCK TABLES;

--
-- Table structure for table `permissions`
--

DROP TABLE IF EXISTS `permissions`;
/*!40101 SET @saved_cs_client     = @@character_set_client */;
/*!50503 SET character_set_client = utf8mb4 */;
CREATE TABLE `permissions` (
  `id` bigint unsigned NOT NULL AUTO_INCREMENT,
  `name` varchar(191) COLLATE utf8mb4_unicode_ci NOT NULL,
  `guard_name` varchar(191) COLLATE utf8mb4_unicode_ci NOT NULL,
  `created_at` timestamp NULL DEFAULT NULL,
  `updated_at` timestamp NULL DEFAULT NULL,
  PRIMARY KEY (`id`),
  UNIQUE KEY `permissions_name_guard_name_unique` (`name`,`guard_name`)
) ENGINE=InnoDB DEFAULT CHARSET=utf8mb4 COLLATE=utf8mb4_unicode_ci;
/*!40101 SET character_set_client = @saved_cs_client */;

--
-- Dumping data for table `permissions`
--

LOCK TABLES `permissions` WRITE;
/*!40000 ALTER TABLE `permissions` DISABLE KEYS */;
/*!40000 ALTER TABLE `permissions` ENABLE KEYS */;
UNLOCK TABLES;

--
-- Table structure for table `product_categories`
--

DROP TABLE IF EXISTS `product_categories`;
/*!40101 SET @saved_cs_client     = @@character_set_client */;
/*!50503 SET character_set_client = utf8mb4 */;
CREATE TABLE `product_categories` (
  `id` bigint unsigned NOT NULL AUTO_INCREMENT,
  `category_id` bigint unsigned NOT NULL,
  `product_id` bigint unsigned NOT NULL,
  PRIMARY KEY (`id`),
  KEY `product_categories_category_id_foreign` (`category_id`),
  KEY `product_categories_product_id_foreign` (`product_id`),
  CONSTRAINT `product_categories_category_id_foreign` FOREIGN KEY (`category_id`) REFERENCES `categories` (`id`),
  CONSTRAINT `product_categories_product_id_foreign` FOREIGN KEY (`product_id`) REFERENCES `products` (`id`)
) ENGINE=InnoDB AUTO_INCREMENT=198 DEFAULT CHARSET=utf8mb4 COLLATE=utf8mb4_unicode_ci;
/*!40101 SET character_set_client = @saved_cs_client */;

--
-- Dumping data for table `product_categories`
--

LOCK TABLES `product_categories` WRITE;
/*!40000 ALTER TABLE `product_categories` DISABLE KEYS */;
INSERT INTO `product_categories` VALUES (1,4,1),(2,1,1),(3,5,2),(4,7,3),(5,5,3),(6,7,4),(7,3,5),(8,1,5),(9,3,6),(10,2,7),(11,5,8),(12,10,8),(13,7,8),(14,4,9),(15,8,10),(16,5,11),(17,7,11),(18,3,11),(19,9,12),(20,7,12),(21,8,12),(22,4,13),(23,9,14),(24,9,15),(25,10,15),(26,3,15),(27,5,16),(28,4,16),(29,7,17),(30,9,17),(31,4,17),(32,6,18),(33,7,18),(34,10,18),(35,5,19),(36,4,19),(37,10,20),(38,9,20),(39,7,21),(40,1,21),(41,10,22),(42,5,22),(43,6,22),(44,7,23),(45,9,23),(46,3,24),(47,1,25),(48,2,25),(49,7,25),(50,10,26),(51,4,27),(52,6,28),(53,2,29),(54,9,30),(55,10,31),(56,2,31),(57,3,32),(58,6,32),(59,1,33),(60,3,33),(61,4,34),(62,6,34),(63,9,34),(64,4,35),(65,8,36),(66,1,37),(67,6,37),(68,3,37),(69,10,38),(70,10,39),(71,1,39),(72,7,40),(73,8,40),(74,1,41),(75,2,41),(76,5,41),(77,4,42),(78,1,42),(79,8,42),(80,9,43),(81,2,43),(82,6,43),(83,4,44),(84,1,45),(85,3,46),(86,10,46),(87,7,47),(88,10,48),(89,1,49),(90,5,49),(91,8,49),(92,9,50),(93,8,51),(94,8,52),(95,7,52),(96,9,52),(97,7,53),(98,6,54),(99,4,54),(100,2,55),(101,4,55),(102,9,56),(103,8,56),(104,9,57),(105,6,57),(106,4,58),(107,4,59),(108,10,59),(109,7,59),(110,8,60),(111,10,60),(112,1,61),(113,9,62),(114,3,62),(115,2,63),(116,10,63),(117,8,63),(118,1,64),(119,6,64),(120,3,64),(121,2,65),(122,6,66),(123,1,67),(124,3,67),(125,5,68),(126,6,68),(127,3,69),(128,9,69),(129,2,69),(130,10,70),(131,10,71),(132,5,71),(133,6,71),(134,4,72),(135,3,73),(136,5,74),(137,2,74),(138,4,74),(139,9,75),(140,6,76),(141,5,77),(142,7,77),(143,7,78),(144,7,79),(145,1,79),(146,1,80),(147,5,80),(148,2,81),(149,8,81),(150,5,82),(151,1,83),(152,6,83),(153,10,83),(154,2,84),(155,7,84),(156,10,85),(157,8,85),(158,7,86),(159,3,86),(160,10,87),(161,5,87),(162,2,87),(163,3,88),(164,6,89),(165,7,89),(166,2,90),(167,9,90),(168,6,90),(169,7,91),(170,1,91),(171,10,91),(172,10,92),(173,5,92),(174,9,93),(175,1,94),(176,5,94),(177,4,95),(178,9,95),(179,6,96),(180,8,97),(181,10,98),(182,9,98),(183,10,99),(184,1,99),(186,3,100),(188,1,101),(189,2,102),(190,12,102),(191,2,103),(192,5,103),(193,6,103),(194,2,104),(195,3,104),(196,4,104),(197,14,104);
/*!40000 ALTER TABLE `product_categories` ENABLE KEYS */;
UNLOCK TABLES;

--
-- Table structure for table `product_orders`
--

DROP TABLE IF EXISTS `product_orders`;
/*!40101 SET @saved_cs_client     = @@character_set_client */;
/*!50503 SET character_set_client = utf8mb4 */;
CREATE TABLE `product_orders` (
  `id` bigint unsigned NOT NULL AUTO_INCREMENT,
  `order_id` int NOT NULL,
  `product_id` int NOT NULL,
  `precio` decimal(8,2) NOT NULL,
  `quantity` int NOT NULL,
  PRIMARY KEY (`id`)
) ENGINE=InnoDB AUTO_INCREMENT=630 DEFAULT CHARSET=utf8mb4 COLLATE=utf8mb4_unicode_ci;
/*!40101 SET character_set_client = @saved_cs_client */;

--
-- Dumping data for table `product_orders`
--

LOCK TABLES `product_orders` WRITE;
/*!40000 ALTER TABLE `product_orders` DISABLE KEYS */;
INSERT INTO `product_orders` VALUES (1,1,45,333.23,5),(2,1,91,359.01,2),(3,1,48,264.65,2),(4,1,81,21.93,2),(5,1,40,383.51,5),(6,2,43,442.03,5),(7,2,50,334.39,2),(8,3,67,180.25,4),(9,4,73,395.01,3),(10,4,79,140.63,5),(11,4,11,21.29,3),(12,5,72,199.71,1),(13,5,2,225.81,3),(14,5,10,152.97,2),(15,5,65,291.65,4),(16,6,7,474.35,5),(17,6,57,142.21,1),(18,6,96,53.77,4),(19,7,8,311.02,4),(20,7,1,305.32,5),(21,7,74,255.49,4),(22,8,41,452.17,4),(23,9,63,163.05,2),(24,9,51,316.39,5),(25,9,37,396.31,4),(26,9,22,16.84,5),(27,9,30,118.95,5),(28,10,75,94.18,1),(29,10,93,176.27,2),(30,10,64,108.63,5),(31,10,92,361.86,3),(32,10,91,359.01,4),(33,11,63,163.05,3),(34,11,89,474.30,1),(35,11,86,267.38,2),(36,12,70,17.61,3),(37,12,8,311.02,4),(38,12,53,456.65,1),(39,12,90,173.48,5),(40,12,41,452.17,1),(41,13,76,52.13,2),(42,13,44,210.02,4),(43,13,52,406.05,5),(44,13,13,290.50,1),(45,14,38,481.60,5),(46,15,25,396.62,2),(47,15,41,452.17,1),(48,16,10,152.97,3),(49,16,23,221.83,2),(50,16,53,456.65,2),(51,16,22,16.84,1),(52,16,58,408.75,2),(53,17,49,494.59,2),(54,17,12,426.77,3),(55,17,86,267.38,3),(56,17,95,364.23,2),(57,17,52,406.05,2),(58,18,35,448.95,1),(59,18,88,375.06,1),(60,18,34,141.68,3),(61,18,47,310.05,2),(62,19,100,238.09,4),(63,19,93,176.27,5),(64,19,12,426.77,5),(65,19,88,375.06,4),(66,19,31,290.23,2),(67,20,32,458.59,2),(68,20,29,266.31,4),(69,20,50,334.39,2),(70,20,95,364.23,4),(71,21,52,406.05,5),(72,21,1,305.32,4),(73,21,23,221.83,3),(74,22,83,189.88,4),(75,23,39,154.48,5),(76,24,88,375.06,4),(77,25,16,490.96,5),(78,25,56,418.58,2),(79,25,78,23.33,5),(80,26,84,208.94,3),(81,26,69,272.56,1),(82,27,56,418.58,4),(83,27,18,449.13,1),(84,27,51,316.39,3),(85,27,38,481.60,1),(86,28,98,153.64,5),(87,28,42,168.71,5),(88,28,84,208.94,2),(89,28,32,458.59,3),(90,29,58,408.75,2),(91,30,34,141.68,5),(92,30,7,474.35,3),(93,30,36,429.27,4),(94,31,25,396.62,3),(95,32,39,154.48,5),(96,32,11,21.29,5),(97,32,59,155.98,3),(98,32,21,462.58,3),(99,32,32,458.59,1),(100,33,93,176.27,4),(101,33,60,166.18,4),(102,34,8,311.02,3),(103,34,43,442.03,3),(104,34,25,396.62,4),(105,34,40,383.51,3),(106,34,5,130.59,1),(107,35,61,93.10,3),(108,35,58,408.75,1),(109,35,34,141.68,4),(110,36,90,173.48,4),(111,36,39,154.48,1),(112,36,15,476.06,4),(113,37,89,474.30,1),(114,37,71,495.87,5),(115,37,70,17.61,4),(116,37,69,272.56,1),(117,37,68,62.03,4),(118,38,49,494.59,4),(119,38,79,140.63,2),(120,38,25,396.62,1),(121,38,63,163.05,2),(122,38,90,173.48,5),(123,39,93,176.27,2),(124,39,79,140.63,1),(125,40,69,272.56,1),(126,40,79,140.63,3),(127,40,43,442.03,5),(128,41,54,27.47,3),(129,41,21,462.58,1),(130,41,42,168.71,4),(131,42,1,305.32,4),(132,42,16,490.96,4),(133,43,50,334.39,3),(134,43,41,452.17,2),(135,43,71,495.87,3),(136,44,4,375.92,4),(137,44,16,490.96,5),(138,44,65,291.65,1),(139,45,46,290.70,3),(140,45,55,322.95,3),(141,45,30,118.95,5),(142,46,65,291.65,5),(143,46,97,374.09,1),(144,46,37,396.31,4),(145,47,90,173.48,5),(146,47,10,152.97,4),(147,47,76,52.13,5),(148,47,16,490.96,3),(149,48,33,402.92,5),(150,48,1,305.32,4),(151,49,93,176.27,3),(152,49,27,209.99,2),(153,49,50,334.39,5),(154,49,36,429.27,2),(155,50,11,21.29,2),(156,50,83,189.88,3),(157,50,18,449.13,2),(158,50,98,153.64,4),(159,50,25,396.62,5),(160,51,94,49.25,2),(161,51,33,402.92,3),(162,51,32,458.59,4),(163,51,91,359.01,1),(164,52,34,141.68,1),(165,52,94,49.25,4),(166,53,49,494.59,3),(167,53,81,21.93,1),(168,53,95,364.23,3),(169,53,37,396.31,4),(170,54,48,264.65,1),(171,54,32,458.59,2),(172,54,57,142.21,3),(173,55,28,278.95,5),(174,55,36,429.27,4),(175,55,5,130.59,2),(176,55,61,93.10,3),(177,55,11,21.29,4),(178,56,63,163.05,5),(179,57,87,483.02,3),(180,57,31,290.23,1),(181,57,94,49.25,1),(182,57,72,199.71,5),(183,57,86,267.38,2),(184,58,56,418.58,1),(185,58,27,209.99,4),(186,58,32,458.59,5),(187,58,91,359.01,4),(188,58,31,290.23,1),(189,59,10,152.97,3),(190,59,3,483.97,4),(191,59,37,396.31,4),(192,59,85,363.11,1),(193,60,21,462.58,2),(194,60,72,199.71,2),(195,60,18,449.13,2),(196,60,77,64.10,1),(197,61,8,311.02,2),(198,61,33,402.92,2),(199,61,68,62.03,4),(200,62,75,94.18,1),(201,63,34,141.68,3),(202,64,62,431.77,4),(203,65,27,209.99,1),(204,65,42,168.71,3),(205,66,55,322.95,5),(206,66,47,310.05,1),(207,66,20,307.31,3),(208,66,98,153.64,3),(209,66,54,27.47,3),(210,67,38,481.60,3),(211,67,8,311.02,4),(212,67,51,316.39,2),(213,67,34,141.68,1),(214,68,14,241.82,1),(215,68,46,290.70,3),(216,68,56,418.58,3),(217,68,22,16.84,5),(218,69,43,442.03,1),(219,69,48,264.65,1),(220,69,12,426.77,1),(221,69,9,389.44,4),(222,70,75,94.18,3),(223,70,10,152.97,3),(224,70,20,307.31,2),(225,70,54,27.47,4),(226,70,94,49.25,3),(227,71,92,361.86,1),(228,71,47,310.05,2),(229,72,23,221.83,2),(230,73,78,23.33,4),(231,74,32,458.59,5),(232,74,14,241.82,3),(233,74,88,375.06,5),(234,75,70,17.61,4),(235,76,41,452.17,2),(236,77,96,53.77,1),(237,77,48,264.65,4),(238,77,22,16.84,4),(239,77,43,442.03,5),(240,78,28,278.95,2),(241,79,48,264.65,2),(242,80,70,17.61,4),(243,80,47,310.05,5),(244,80,81,21.93,2),(245,81,9,389.44,4),(246,82,8,311.02,1),(247,82,74,255.49,3),(248,83,16,490.96,3),(249,83,100,238.09,4),(250,84,47,310.05,2),(251,84,81,21.93,2),(252,85,95,364.23,2),(253,85,97,374.09,1),(254,85,50,334.39,5),(255,85,41,452.17,1),(256,85,24,463.82,2),(257,86,49,494.59,4),(258,86,9,389.44,1),(259,86,8,311.02,5),(260,87,47,310.05,4),(261,87,66,454.98,3),(262,87,97,374.09,4),(263,88,75,94.18,5),(264,89,68,62.03,1),(265,89,4,375.92,4),(266,89,73,395.01,5),(267,89,33,402.92,5),(268,90,34,141.68,1),(269,90,83,189.88,2),(270,91,58,408.75,4),(271,91,30,118.95,3),(272,91,86,267.38,4),(273,91,11,21.29,4),(274,92,62,431.77,5),(275,92,67,180.25,1),(276,92,2,225.81,4),(277,92,76,52.13,5),(278,93,25,396.62,5),(279,93,68,62.03,2),(280,94,19,231.13,3),(281,94,82,491.97,3),(282,94,15,476.06,4),(283,94,47,310.05,2),(284,95,69,272.56,2),(285,95,36,429.27,1),(286,95,48,264.65,4),(287,95,63,163.05,2),(288,95,46,290.70,1),(289,96,22,16.84,4),(290,96,43,442.03,5),(291,96,93,176.27,2),(292,96,56,418.58,2),(293,96,42,168.71,3),(294,97,76,52.13,3),(295,97,50,334.39,3),(296,97,14,241.82,5),(297,97,93,176.27,5),(298,97,21,462.58,1),(299,98,39,154.48,5),(300,98,11,21.29,5),(301,98,82,491.97,5),(302,99,50,334.39,5),(303,99,78,23.33,1),(304,100,47,310.05,4),(305,100,89,474.30,5),(306,100,9,389.44,2),(307,100,76,52.13,5),(308,100,57,142.21,4),(309,101,21,462.58,1),(310,101,59,155.98,3),(311,101,7,474.35,5),(312,101,29,266.31,2),(313,101,62,431.77,3),(314,102,27,209.99,4),(315,102,57,142.21,5),(316,102,74,255.49,1),(317,102,32,458.59,1),(318,102,45,333.23,5),(319,103,40,383.51,5),(320,103,84,208.94,1),(321,104,97,374.09,1),(322,104,67,180.25,2),(323,104,16,490.96,4),(324,104,62,431.77,3),(325,105,7,474.35,2),(326,105,66,454.98,2),(327,105,63,163.05,3),(328,105,95,364.23,2),(329,106,28,278.95,5),(330,106,26,325.71,1),(331,106,98,153.64,4),(332,107,16,490.96,5),(333,107,92,361.86,2),(334,107,58,408.75,3),(335,108,60,166.18,5),(336,108,13,290.50,1),(337,109,57,142.21,4),(338,109,99,185.38,5),(339,109,59,155.98,3),(340,109,79,140.63,2),(341,110,46,290.70,5),(342,110,47,310.05,2),(343,110,45,333.23,1),(344,110,34,141.68,5),(345,110,100,238.09,1),(346,111,55,322.95,2),(347,111,83,189.88,5),(348,111,37,396.31,4),(349,111,91,359.01,2),(350,112,15,476.06,2),(351,112,93,176.27,4),(352,113,37,396.31,3),(353,113,80,398.31,4),(354,113,93,176.27,4),(355,114,85,363.11,1),(356,114,95,364.23,4),(357,114,16,490.96,4),(358,114,68,62.03,3),(359,114,81,21.93,3),(360,115,87,483.02,1),(361,115,13,290.50,4),(362,115,73,395.01,5),(363,115,67,180.25,1),(364,116,53,456.65,5),(365,116,54,27.47,3),(366,116,9,389.44,1),(367,116,55,322.95,1),(368,117,23,221.83,3),(369,117,48,264.65,1),(370,118,44,210.02,2),(371,118,8,311.02,5),(372,118,1,305.32,2),(373,118,22,16.84,5),(374,119,85,363.11,1),(375,119,37,396.31,4),(376,119,42,168.71,2),(377,120,59,155.98,3),(378,120,7,474.35,3),(379,120,65,291.65,4),(380,120,72,199.71,5),(381,121,57,142.21,4),(382,121,7,474.35,3),(383,121,71,495.87,1),(384,121,96,53.77,5),(385,121,94,49.25,4),(386,122,28,278.95,1),(387,123,86,267.38,5),(388,123,19,231.13,4),(389,123,62,431.77,4),(390,123,32,458.59,2),(391,124,87,483.02,1),(392,124,6,178.59,5),(393,124,90,173.48,4),(394,124,94,49.25,4),(395,125,19,231.13,5),(396,125,100,238.09,1),(397,125,92,361.86,1),(398,125,32,458.59,3),(399,126,61,93.10,4),(400,126,22,16.84,5),(401,127,79,140.63,4),(402,127,70,17.61,4),(403,127,6,178.59,5),(404,127,96,53.77,2),(405,128,20,307.31,4),(406,128,97,374.09,1),(407,128,40,383.51,5),(408,128,24,463.82,4),(409,128,85,363.11,4),(410,129,80,398.31,1),(411,130,66,454.98,2),(412,130,18,449.13,4),(413,131,92,361.86,5),(414,132,61,93.10,2),(415,132,77,64.10,1),(416,133,58,408.75,4),(417,133,15,476.06,2),(418,133,98,153.64,2),(419,133,63,163.05,3),(420,133,90,173.48,5),(421,134,82,491.97,4),(422,134,10,152.97,2),(423,135,27,209.99,1),(424,135,78,23.33,3),(425,135,67,180.25,3),(426,135,38,481.60,5),(427,136,30,118.95,3),(428,136,51,316.39,1),(429,137,45,333.23,5),(430,137,70,17.61,3),(431,137,21,462.58,5),(432,137,40,383.51,3),(433,137,66,454.98,2),(434,138,88,375.06,4),(435,139,75,94.18,3),(436,139,89,474.30,3),(437,140,79,140.63,3),(438,140,12,426.77,4),(439,140,40,383.51,4),(440,141,57,142.21,3),(441,142,32,458.59,3),(442,142,38,481.60,3),(443,142,52,406.05,1),(444,143,82,491.97,3),(445,143,6,178.59,3),(446,144,88,375.06,2),(447,144,59,155.98,5),(448,144,52,406.05,3),(449,144,80,398.31,1),(450,145,100,238.09,4),(451,145,79,140.63,1),(452,146,92,361.86,2),(453,146,27,209.99,1),(454,146,43,442.03,4),(455,147,67,180.25,1),(456,147,23,221.83,1),(457,147,62,431.77,2),(458,147,76,52.13,1),(459,147,63,163.05,5),(460,148,39,154.48,1),(461,148,3,483.97,5),(462,149,6,178.59,2),(463,149,58,408.75,4),(464,149,44,210.02,1),(465,150,22,16.84,5),(466,150,73,395.01,3),(467,150,28,278.95,3),(468,150,61,93.10,3),(469,150,12,426.77,1),(470,151,12,426.77,5),(471,152,26,325.71,2),(472,153,20,307.31,2),(473,154,92,361.86,4),(474,154,46,290.70,5),(475,154,99,185.38,3),(476,154,18,449.13,5),(477,155,23,221.83,5),(478,155,1,305.32,3),(479,155,95,364.23,3),(480,155,31,290.23,1),(481,156,96,53.77,2),(482,156,8,311.02,5),(483,157,16,490.96,3),(484,157,95,364.23,2),(485,157,19,231.13,5),(486,157,38,481.60,4),(487,157,80,398.31,5),(488,158,95,364.23,5),(489,158,85,363.11,5),(490,158,14,241.82,2),(491,158,68,62.03,1),(492,158,79,140.63,2),(493,159,94,49.25,4),(494,159,5,130.59,4),(495,160,76,52.13,4),(496,160,64,108.63,5),(497,160,75,94.18,4),(498,160,3,483.97,4),(499,161,50,334.39,1),(500,161,74,255.49,2),(501,162,65,291.65,1),(502,162,91,359.01,4),(503,162,32,458.59,5),(504,162,12,426.77,5),(505,163,17,482.65,5),(506,163,48,264.65,5),(507,163,81,21.93,3),(508,163,6,178.59,5),(509,163,47,310.05,3),(510,164,18,449.13,3),(511,165,55,322.95,2),(512,166,5,130.59,1),(513,166,90,173.48,3),(514,166,31,290.23,5),(515,167,15,476.06,3),(516,168,66,454.98,5),(517,168,29,266.31,3),(518,169,78,23.33,5),(519,169,59,155.98,1),(520,169,63,163.05,3),(521,169,97,374.09,2),(522,170,22,16.84,4),(523,170,71,495.87,3),(524,171,53,456.65,2),(525,171,8,311.02,2),(526,171,59,155.98,4),(527,171,90,173.48,5),(528,171,17,482.65,2),(529,172,58,408.75,4),(530,172,22,16.84,5),(531,172,45,333.23,4),(532,173,74,255.49,1),(533,173,33,402.92,3),(534,173,86,267.38,1),(535,173,9,389.44,4),(536,174,71,495.87,3),(537,174,24,463.82,3),(538,175,6,178.59,2),(539,175,42,168.71,2),(540,175,15,476.06,4),(541,175,84,208.94,1),(542,176,67,180.25,1),(543,176,69,272.56,2),(544,176,26,325.71,5),(545,177,60,166.18,4),(546,177,97,374.09,5),(547,178,62,431.77,2),(548,179,35,448.95,2),(549,179,98,153.64,2),(550,179,36,429.27,4),(551,179,59,155.98,1),(552,179,60,166.18,5),(553,180,26,325.71,5),(554,180,87,483.02,1),(555,181,88,375.06,1),(556,181,69,272.56,3),(557,181,6,178.59,4),(558,181,38,481.60,3),(559,181,94,49.25,2),(560,182,33,402.92,1),(561,183,2,225.81,4),(562,183,33,402.92,5),(563,183,76,52.13,2),(564,183,99,185.38,4),(565,184,82,491.97,5),(566,184,90,173.48,5),(567,184,25,396.62,4),(568,184,47,310.05,5),(569,185,7,474.35,2),(570,185,86,267.38,1),(571,185,93,176.27,4),(572,186,56,418.58,5),(573,186,44,210.02,4),(574,186,6,178.59,2),(575,186,1,305.32,4),(576,187,1,305.32,4),(577,188,8,311.02,4),(578,188,34,141.68,3),(579,188,75,94.18,1),(580,189,75,94.18,1),(581,189,5,130.59,2),(582,189,91,359.01,2),(583,189,8,311.02,1),(584,190,93,176.27,4),(585,190,5,130.59,2),(586,190,47,310.05,3),(587,190,42,168.71,4),(588,190,100,238.09,1),(589,191,21,462.58,4),(590,191,73,395.01,1),(591,192,11,21.29,2),(592,193,19,231.13,5),(593,193,36,429.27,4),(594,193,98,153.64,1),(595,193,28,278.95,3),(596,193,31,290.23,4),(597,194,21,462.58,4),(598,194,19,231.13,3),(599,194,10,152.97,4),(600,195,3,483.97,2),(601,195,71,495.87,5),(602,196,81,21.93,4),(603,196,69,272.56,5),(604,197,79,140.63,1),(605,197,77,64.10,3),(606,198,3,483.97,3),(607,199,63,163.05,5),(608,199,50,334.39,5),(609,199,9,389.44,2),(610,199,5,130.59,1),(611,199,100,238.09,4),(612,200,88,375.06,3),(613,200,98,153.64,2),(614,201,100,69.99,1),(615,201,99,185.38,1),(616,202,101,59.99,1),(617,203,100,69.99,1),(618,204,24,463.82,1),(619,205,70,17.61,1),(620,206,103,60.00,1),(621,207,103,60.00,1),(622,208,102,70.00,1),(623,209,104,120.00,1),(624,210,104,120.00,1),(625,210,103,60.00,1),(626,211,103,60.00,1),(627,211,102,70.00,1),(628,211,104,120.00,1),(629,212,11,21.29,1);
/*!40000 ALTER TABLE `product_orders` ENABLE KEYS */;
UNLOCK TABLES;

--
-- Table structure for table `products`
--

DROP TABLE IF EXISTS `products`;
/*!40101 SET @saved_cs_client     = @@character_set_client */;
/*!50503 SET character_set_client = utf8mb4 */;
CREATE TABLE `products` (
  `id` bigint unsigned NOT NULL AUTO_INCREMENT,
  `codigo` varchar(10) COLLATE utf8mb4_unicode_ci NOT NULL,
  `nombre` varchar(100) COLLATE utf8mb4_unicode_ci NOT NULL,
  `descripcion` text COLLATE utf8mb4_unicode_ci NOT NULL,
  `vendor_id` bigint unsigned NOT NULL,
  `brand_id` bigint unsigned NOT NULL,
  `cantidad` bigint unsigned NOT NULL,
  `precio` decimal(8,2) NOT NULL,
  `is_active` tinyint(1) NOT NULL DEFAULT '1',
  `deleted_at` timestamp NULL DEFAULT NULL,
  `created_at` timestamp NULL DEFAULT NULL,
  `updated_at` timestamp NULL DEFAULT NULL,
  PRIMARY KEY (`id`),
  UNIQUE KEY `products_codigo_unique` (`codigo`),
  KEY `products_vendor_id_foreign` (`vendor_id`),
  KEY `products_brand_id_foreign` (`brand_id`),
  CONSTRAINT `products_brand_id_foreign` FOREIGN KEY (`brand_id`) REFERENCES `brands` (`id`),
  CONSTRAINT `products_vendor_id_foreign` FOREIGN KEY (`vendor_id`) REFERENCES `vendors` (`id`)
) ENGINE=InnoDB AUTO_INCREMENT=105 DEFAULT CHARSET=utf8mb4 COLLATE=utf8mb4_unicode_ci;
/*!40101 SET character_set_client = @saved_cs_client */;

--
-- Dumping data for table `products`
--

LOCK TABLES `products` WRITE;
/*!40000 ALTER TABLE `products` DISABLE KEYS */;
INSERT INTO `products` VALUES (1,'PRD-4768','accusantium numquam molestiae','Saepe et modi omnis et nemo.',2,2,129,305.32,1,NULL,'2026-04-23 00:02:09','2026-04-23 00:02:09'),(2,'PRD-9479','ut reprehenderit quis','Mollitia facilis fugit ex vel.',2,5,165,225.81,1,NULL,'2026-04-23 00:02:09','2026-04-23 00:02:09'),(3,'PRD-5787','ipsam officia voluptates','Ipsum et sed dolorum facere ab consequatur soluta hic.',1,5,180,483.97,1,NULL,'2026-04-23 00:02:09','2026-04-23 00:02:09'),(4,'PRD-7489','quo eius et','Magni veritatis quas ut perspiciatis rerum nulla dolor.',4,8,76,375.92,1,NULL,'2026-04-23 00:02:09','2026-04-23 00:02:09'),(5,'PRD-5068','unde quod nam','Veniam saepe illum eveniet animi.',1,7,152,130.59,1,NULL,'2026-04-23 00:02:09','2026-04-23 00:02:09'),(6,'PRD-6944','qui dolorum et','Veniam blanditiis deleniti quibusdam consequatur impedit ad vel eius.',5,6,177,178.59,1,NULL,'2026-04-23 00:02:09','2026-04-23 00:02:09'),(7,'PRD-7175','omnis ipsam atque','Rerum at voluptatem tenetur corrupti.',9,9,186,474.35,1,NULL,'2026-04-23 00:02:09','2026-04-23 00:02:09'),(8,'PRD-0239','pariatur maxime omnis','Hic praesentium reiciendis voluptas.',9,3,69,311.02,1,NULL,'2026-04-23 00:02:09','2026-04-23 00:02:09'),(9,'PRD-4420','veniam necessitatibus voluptatem','Quo et consectetur minus quo eos.',1,2,171,389.44,1,NULL,'2026-04-23 00:02:09','2026-04-23 00:02:09'),(10,'PRD-9528','unde tempora facilis','Quidem temporibus expedita qui qui.',7,10,159,152.97,1,NULL,'2026-04-23 00:02:09','2026-04-23 00:02:09'),(11,'PRD-2899','aut laboriosam modi','Accusamus alias ipsa neque rerum possimus.',8,5,178,21.29,1,NULL,'2026-04-23 00:02:09','2026-04-23 15:24:25'),(12,'PRD-4545','aliquam rerum doloribus','Inventore officia et quia tenetur unde.',7,10,108,426.77,1,NULL,'2026-04-23 00:02:09','2026-04-23 00:02:09'),(13,'PRD-0298','facere sint sit','Hic officia et asperiores autem et ut.',4,6,115,290.50,1,NULL,'2026-04-23 00:02:09','2026-04-23 00:02:09'),(14,'PRD-6971','vero ullam excepturi','Amet sit ex officiis voluptas quam cum ut.',3,7,125,241.82,1,NULL,'2026-04-23 00:02:09','2026-04-23 00:02:09'),(15,'PRD-2027','et tenetur blanditiis','Quo est quas sed necessitatibus cupiditate qui expedita quia.',2,9,167,476.06,1,NULL,'2026-04-23 00:02:09','2026-04-23 00:02:09'),(16,'PRD-3184','non sapiente suscipit','Eos vitae dicta sint numquam dolorum.',3,2,60,490.96,1,NULL,'2026-04-23 00:02:09','2026-04-23 00:02:09'),(17,'PRD-5687','dolorum hic tempore','A quo voluptas labore commodi sint.',1,8,152,482.65,1,NULL,'2026-04-23 00:02:09','2026-04-23 00:02:09'),(18,'PRD-6640','nam ullam reprehenderit','Earum dolorem cupiditate corrupti voluptas nam est unde.',6,3,82,449.13,1,NULL,'2026-04-23 00:02:09','2026-04-23 00:02:09'),(19,'PRD-0881','ullam rerum rem','Odit ab quam ut ullam voluptatem est.',7,4,126,231.13,1,NULL,'2026-04-23 00:02:09','2026-04-23 00:02:09'),(20,'PRD-0873','ab rem soluta','Voluptatibus occaecati qui facilis aperiam iusto eum omnis porro.',3,6,79,307.31,1,NULL,'2026-04-23 00:02:09','2026-04-23 00:02:09'),(21,'PRD-4791','repudiandae nihil voluptas','Sint consequatur dicta voluptatem et doloribus nostrum eos.',3,7,139,462.58,1,NULL,'2026-04-23 00:02:09','2026-04-23 00:02:09'),(22,'PRD-5913','ea quia distinctio','Aperiam sed voluptatum nostrum officia debitis necessitatibus hic.',6,8,103,16.84,1,NULL,'2026-04-23 00:02:09','2026-04-23 00:02:09'),(23,'PRD-8037','est rerum nesciunt','Alias sed qui temporibus odio.',5,1,51,221.83,1,NULL,'2026-04-23 00:02:09','2026-04-23 00:02:09'),(24,'PRD-2345','accusantium quisquam quidem','Corrupti quibusdam ut quam maiores aut impedit.',10,3,95,463.82,1,NULL,'2026-04-23 00:02:09','2026-04-23 15:57:15'),(25,'PRD-4015','aut est minima','Eaque dolores id quod.',4,5,57,396.62,1,NULL,'2026-04-23 00:02:09','2026-04-23 00:02:09'),(26,'PRD-7527','ab sunt ut','Consequuntur doloremque dicta vel voluptatem sit libero.',2,9,168,325.71,1,NULL,'2026-04-23 00:02:09','2026-04-23 00:02:09'),(27,'PRD-5097','fugiat suscipit omnis','Cumque temporibus dolorem sequi at nisi.',3,4,118,209.99,1,NULL,'2026-04-23 00:02:09','2026-04-23 00:02:09'),(28,'PRD-3307','impedit porro quasi','In ex aut autem similique eos dolores.',3,10,77,278.95,1,NULL,'2026-04-23 00:02:09','2026-04-23 00:02:09'),(29,'PRD-1634','accusamus velit consequatur','Voluptas et vero distinctio quod fugit adipisci.',4,2,193,266.31,1,NULL,'2026-04-23 00:02:09','2026-04-23 00:02:09'),(30,'PRD-1421','doloribus a ea','Eos ut recusandae accusamus ut.',7,4,66,118.95,1,NULL,'2026-04-23 00:02:09','2026-04-23 00:02:09'),(31,'PRD-9668','nobis ipsa architecto','Tempora eius asperiores vel quisquam.',1,3,157,290.23,1,NULL,'2026-04-23 00:02:09','2026-04-23 00:02:09'),(32,'PRD-7657','aut ut fugiat','Explicabo velit sint non velit consequatur.',5,1,146,458.59,1,NULL,'2026-04-23 00:02:09','2026-04-23 00:02:09'),(33,'PRD-9163','id ullam commodi','Dicta non amet temporibus ducimus dolores modi impedit.',3,5,139,402.92,1,NULL,'2026-04-23 00:02:09','2026-04-23 00:02:09'),(34,'PRD-0879','consequuntur et quia','Aut soluta quisquam dolores impedit qui.',10,8,54,141.68,1,NULL,'2026-04-23 00:02:09','2026-04-23 00:02:09'),(35,'PRD-5828','dicta doloremque et','Quas minima eveniet accusamus voluptatem enim amet.',3,3,52,448.95,1,NULL,'2026-04-23 00:02:09','2026-04-23 00:02:09'),(36,'PRD-5709','natus eveniet a','Fugit exercitationem sit qui qui.',5,7,175,429.27,1,NULL,'2026-04-23 00:02:09','2026-04-23 00:02:09'),(37,'PRD-7061','qui nulla laboriosam','Iste commodi ab voluptas repellendus.',3,4,174,396.31,1,NULL,'2026-04-23 00:02:09','2026-04-23 00:02:09'),(38,'PRD-7659','voluptate dignissimos est','Ut officiis animi impedit.',9,3,64,481.60,1,NULL,'2026-04-23 00:02:09','2026-04-23 00:02:09'),(39,'PRD-3109','illum sunt rerum','Ea quia minus aut dignissimos sunt odit.',1,2,88,154.48,1,NULL,'2026-04-23 00:02:09','2026-04-23 00:02:09'),(40,'PRD-8053','voluptas quae non','Tenetur quas est non aut dolorum.',4,2,123,383.51,1,NULL,'2026-04-23 00:02:09','2026-04-23 00:02:09'),(41,'PRD-9935','neque quia earum','Dolorum voluptatem cupiditate eos exercitationem vel itaque voluptatem quibusdam.',4,9,146,452.17,1,NULL,'2026-04-23 00:02:09','2026-04-23 00:02:09'),(42,'PRD-6835','ex occaecati ad','Ea id excepturi qui veritatis enim necessitatibus qui.',9,9,166,168.71,1,NULL,'2026-04-23 00:02:09','2026-04-23 00:02:09'),(43,'PRD-9495','est ex excepturi','Ipsum omnis reiciendis reprehenderit earum in eos nulla.',6,7,145,442.03,1,NULL,'2026-04-23 00:02:09','2026-04-23 00:02:09'),(44,'PRD-6312','expedita voluptatem sunt','Aut labore nemo voluptas suscipit.',6,3,112,210.02,1,NULL,'2026-04-23 00:02:09','2026-04-23 00:02:09'),(45,'PRD-7169','adipisci labore quasi','Qui nam nihil aut voluptatem aut architecto cum.',2,1,129,333.23,1,NULL,'2026-04-23 00:02:09','2026-04-23 00:02:09'),(46,'PRD-3996','voluptates assumenda qui','Deleniti saepe qui sed facere.',7,10,163,290.70,1,NULL,'2026-04-23 00:02:09','2026-04-23 00:02:09'),(47,'PRD-4689','nihil consectetur saepe','Provident id deleniti reprehenderit officiis nulla facilis.',4,4,67,310.05,1,NULL,'2026-04-23 00:02:09','2026-04-23 00:02:09'),(48,'PRD-4542','delectus et rem','Aut est quidem ut.',5,1,117,264.65,1,NULL,'2026-04-23 00:02:10','2026-04-23 00:02:10'),(49,'PRD-5340','sunt voluptatem debitis','Dolor fugiat iste a accusamus vel tenetur tempore corrupti.',7,4,85,494.59,1,NULL,'2026-04-23 00:02:10','2026-04-23 00:02:10'),(50,'PRD-1589','voluptas facere eos','Voluptatem aut aliquam alias dolorem deleniti dolores.',6,10,172,334.39,1,NULL,'2026-04-23 00:02:10','2026-04-23 00:02:10'),(51,'PRD-0389','neque eaque aperiam','Distinctio eius accusantium est quia.',6,8,191,316.39,1,NULL,'2026-04-23 00:02:10','2026-04-23 00:02:10'),(52,'PRD-8904','iusto temporibus sed','Et est officiis non.',5,6,152,406.05,1,NULL,'2026-04-23 00:02:10','2026-04-23 00:02:10'),(53,'PRD-1059','voluptas cumque qui','Consequatur commodi delectus aut sint in nisi rerum.',1,9,51,456.65,1,NULL,'2026-04-23 00:02:10','2026-04-23 00:02:10'),(54,'PRD-2114','deserunt totam deserunt','Culpa tenetur dolorem possimus qui et.',3,9,133,27.47,1,NULL,'2026-04-23 00:02:10','2026-04-23 00:02:10'),(55,'PRD-2179','quisquam quo itaque','Fugiat natus porro dolorem sed.',7,7,121,322.95,1,NULL,'2026-04-23 00:02:10','2026-04-23 00:02:10'),(56,'PRD-9646','sed natus aut','Voluptates eaque error nisi rerum.',2,10,159,418.58,1,NULL,'2026-04-23 00:02:10','2026-04-23 00:02:10'),(57,'PRD-3568','quos asperiores consequatur','Et dolorem est ut in voluptates vel iste.',3,8,142,142.21,1,NULL,'2026-04-23 00:02:10','2026-04-23 00:02:10'),(58,'PRD-8574','voluptatem reprehenderit quaerat','Necessitatibus ut earum ut nihil rem quibusdam nemo.',5,1,90,408.75,1,NULL,'2026-04-23 00:02:10','2026-04-23 00:02:10'),(59,'PRD-0941','et aut omnis','Eveniet voluptatibus aut mollitia numquam sed.',3,8,154,155.98,1,NULL,'2026-04-23 00:02:10','2026-04-23 00:02:10'),(60,'PRD-4701','distinctio occaecati facere','Labore aut iste amet cupiditate et dolores.',10,4,100,166.18,1,NULL,'2026-04-23 00:02:10','2026-04-23 00:02:10'),(61,'PRD-5759','labore et quis','Voluptatem tempora molestiae quia cupiditate placeat nostrum et similique.',7,4,80,93.10,1,NULL,'2026-04-23 00:02:10','2026-04-23 00:02:10'),(62,'PRD-8463','aliquid et voluptas','Rem eveniet officia nostrum modi.',8,2,188,431.77,1,NULL,'2026-04-23 00:02:10','2026-04-23 00:02:10'),(63,'PRD-5172','laboriosam enim est','Provident cupiditate pariatur nisi atque necessitatibus omnis.',4,2,66,163.05,1,NULL,'2026-04-23 00:02:10','2026-04-23 00:02:10'),(64,'PRD-6082','quam odio consequatur','Laborum nisi dolores similique explicabo.',7,6,73,108.63,1,NULL,'2026-04-23 00:02:10','2026-04-23 00:02:10'),(65,'PRD-4050','autem omnis fugiat','Sit eum nostrum ipsum aut.',10,1,123,291.65,1,NULL,'2026-04-23 00:02:10','2026-04-23 00:02:10'),(66,'PRD-8758','culpa architecto eos','Porro ullam dolores nostrum eius.',1,4,173,454.98,1,NULL,'2026-04-23 00:02:10','2026-04-23 00:02:10'),(67,'PRD-0075','quae quia laboriosam','Aut quia id nemo rerum porro.',3,2,168,180.25,1,NULL,'2026-04-23 00:02:10','2026-04-23 00:02:10'),(68,'PRD-1624','autem nihil aut','Necessitatibus molestiae recusandae eaque aliquid fuga cumque officia.',7,1,60,62.03,1,NULL,'2026-04-23 00:02:10','2026-04-23 00:02:10'),(69,'PRD-6745','blanditiis itaque adipisci','Sunt impedit omnis non et quisquam nihil aspernatur.',3,9,199,272.56,1,NULL,'2026-04-23 00:02:10','2026-04-23 00:02:10'),(70,'PRD-8312','maiores ipsam sed','Laudantium qui debitis nemo nesciunt expedita quasi recusandae qui.',6,3,175,17.61,1,NULL,'2026-04-23 00:02:10','2026-04-23 15:58:22'),(71,'PRD-4971','voluptatem officia est','Est laborum officia consequatur accusamus quas molestiae et nostrum.',7,6,133,495.87,1,NULL,'2026-04-23 00:02:10','2026-04-23 00:02:10'),(72,'PRD-8144','natus sed repudiandae','Quo recusandae sed cum asperiores deserunt quasi.',7,6,51,199.71,1,NULL,'2026-04-23 00:02:10','2026-04-23 00:02:10'),(73,'PRD-9727','corporis voluptatem et','Sed quaerat tempora architecto suscipit aliquid quos amet quis.',2,9,71,395.01,1,NULL,'2026-04-23 00:02:10','2026-04-23 00:02:10'),(74,'PRD-0165','sunt neque et','Architecto tempora nihil esse repellat quia et.',8,7,86,255.49,1,NULL,'2026-04-23 00:02:10','2026-04-23 00:02:10'),(75,'PRD-0877','repellat veritatis corrupti','Nihil sed aut excepturi magni vero praesentium amet.',4,1,168,94.18,1,NULL,'2026-04-23 00:02:10','2026-04-23 00:02:10'),(76,'PRD-7225','laudantium excepturi nostrum','Dolorum beatae voluptatem vel reprehenderit.',6,4,187,52.13,1,NULL,'2026-04-23 00:02:10','2026-04-23 00:02:10'),(77,'PRD-9068','dolorum modi delectus','Assumenda et omnis enim accusamus sed asperiores.',1,8,162,64.10,1,NULL,'2026-04-23 00:02:10','2026-04-23 00:02:10'),(78,'PRD-3161','quos quo maiores','Minima sapiente in voluptas rerum.',9,7,103,23.33,1,NULL,'2026-04-23 00:02:10','2026-04-23 00:02:10'),(79,'PRD-9693','voluptatem ut et','Qui facilis non qui dolor minima est laborum.',3,5,166,140.63,1,NULL,'2026-04-23 00:02:10','2026-04-23 00:02:10'),(80,'PRD-3884','cumque autem deserunt','Sit quos omnis dolorem dolore vel qui fugiat.',7,4,197,398.31,1,NULL,'2026-04-23 00:02:10','2026-04-23 00:02:10'),(81,'PRD-5238','magnam eligendi eaque','Voluptatum sed nostrum dolores et.',2,8,125,21.93,1,NULL,'2026-04-23 00:02:10','2026-04-23 00:02:10'),(82,'PRD-3825','labore est at','Neque pariatur hic esse quidem.',3,9,144,491.97,1,NULL,'2026-04-23 00:02:10','2026-04-23 00:02:10'),(83,'PRD-2106','dolores quod quo','Quibusdam expedita quidem qui architecto voluptas porro ipsa.',7,5,180,189.88,1,NULL,'2026-04-23 00:02:10','2026-04-23 00:02:10'),(84,'PRD-7864','rerum earum ducimus','Magnam nobis aut vero harum animi.',3,7,199,208.94,1,NULL,'2026-04-23 00:02:10','2026-04-23 00:02:10'),(85,'PRD-0101','et blanditiis omnis','Ea sapiente natus velit sint nisi qui doloribus.',3,1,125,363.11,1,NULL,'2026-04-23 00:02:10','2026-04-23 00:02:10'),(86,'PRD-6311','nostrum aut dicta','Consequatur et nam et cum similique odit.',9,3,127,267.38,1,NULL,'2026-04-23 00:02:10','2026-04-23 00:02:10'),(87,'PRD-0953','dolorem molestiae expedita','Fugit numquam laborum esse quos.',5,10,97,483.02,1,NULL,'2026-04-23 00:02:10','2026-04-23 00:02:10'),(88,'PRD-6265','voluptatem in consequatur','Sit et dolore qui ipsa tempora aut.',1,6,178,375.06,1,NULL,'2026-04-23 00:02:10','2026-04-23 00:02:10'),(89,'PRD-1627','quis aut nihil','Cupiditate omnis iusto modi eveniet impedit illo tempore.',4,1,111,474.30,1,NULL,'2026-04-23 00:02:10','2026-04-23 00:02:10'),(90,'PRD-0334','dolore fugiat omnis','Et qui quas atque velit exercitationem consequatur tenetur rerum.',3,8,125,173.48,1,NULL,'2026-04-23 00:02:10','2026-04-23 00:02:10'),(91,'PRD-9201','enim officiis repellat','Itaque possimus eius est temporibus non quia ipsa.',1,3,79,359.01,1,NULL,'2026-04-23 00:02:10','2026-04-23 00:02:10'),(92,'PRD-3249','molestias ex et','Sunt eligendi nulla assumenda dolorem.',4,7,61,361.86,1,NULL,'2026-04-23 00:02:10','2026-04-23 00:02:10'),(93,'PRD-6294','eligendi nostrum enim','In minima et aut.',8,1,54,176.27,1,NULL,'2026-04-23 00:02:10','2026-04-23 00:02:10'),(94,'PRD-0614','animi tempore doloremque','Magnam labore sint atque est quia odit ad.',2,8,83,49.25,1,NULL,'2026-04-23 00:02:10','2026-04-23 00:02:10'),(95,'PRD-0122','eligendi sapiente ipsam','Ut quasi aut eveniet ullam alias dolor similique.',9,2,112,364.23,1,NULL,'2026-04-23 00:02:10','2026-04-23 00:02:10'),(96,'PRD-5945','dicta aut vel','Repellendus dolorum et in dolor voluptate est veritatis.',1,7,135,53.77,1,NULL,'2026-04-23 00:02:10','2026-04-23 00:02:10'),(97,'PRD-6380','sed impedit aperiam','Corrupti maxime reiciendis et molestias tempore eos.',8,1,183,374.09,1,NULL,'2026-04-23 00:02:10','2026-04-23 00:02:10'),(98,'PRD-8411','aliquid molestiae architecto','Dolores sed modi corporis provident amet et.',10,8,116,153.64,1,NULL,'2026-04-23 00:02:10','2026-04-23 00:02:10'),(99,'PRD-6738','ex autem dolores','Provident aut molestiae quia non tenetur at.',10,10,164,185.38,1,NULL,'2026-04-23 00:02:10','2026-04-23 00:39:04'),(100,'PRD-4488','Sambas','Prueba prueba prueba. ADIDAS.',9,1,124,69.99,1,NULL,'2026-04-23 00:02:10','2026-04-23 15:29:01'),(101,'69420','All-Star','Zapatos Converse, modelo All-Star.',5,3,44,59.99,1,NULL,'2026-04-23 00:18:28','2026-04-23 17:15:27'),(102,'18372129','Chuck Taylor','Zapatos clásicos de skate marca Converse. Color blanco.',12,12,23,70.00,1,NULL,'2026-04-23 17:18:39','2026-04-23 15:22:52'),(103,'123489076','Old Skool','Zapatos clásicos de skate.',12,13,96,60.00,1,NULL,'2026-04-23 17:31:44','2026-04-23 15:22:52'),(104,'3242356','Phantom Venom Pro','Zapatos color negro, marca nike, para jugar futbol en canchas de grama natural. Grado semiprofesional.',12,15,72,120.00,1,NULL,'2026-04-23 15:03:45','2026-04-23 15:22:52');
/*!40000 ALTER TABLE `products` ENABLE KEYS */;
UNLOCK TABLES;

--
-- Table structure for table `role_has_permissions`
--

DROP TABLE IF EXISTS `role_has_permissions`;
/*!40101 SET @saved_cs_client     = @@character_set_client */;
/*!50503 SET character_set_client = utf8mb4 */;
CREATE TABLE `role_has_permissions` (
  `permission_id` bigint unsigned NOT NULL,
  `role_id` bigint unsigned NOT NULL,
  PRIMARY KEY (`permission_id`,`role_id`),
  KEY `role_has_permissions_role_id_foreign` (`role_id`),
  CONSTRAINT `role_has_permissions_permission_id_foreign` FOREIGN KEY (`permission_id`) REFERENCES `permissions` (`id`) ON DELETE CASCADE,
  CONSTRAINT `role_has_permissions_role_id_foreign` FOREIGN KEY (`role_id`) REFERENCES `roles` (`id`) ON DELETE CASCADE
) ENGINE=InnoDB DEFAULT CHARSET=utf8mb4 COLLATE=utf8mb4_unicode_ci;
/*!40101 SET character_set_client = @saved_cs_client */;

--
-- Dumping data for table `role_has_permissions`
--

LOCK TABLES `role_has_permissions` WRITE;
/*!40000 ALTER TABLE `role_has_permissions` DISABLE KEYS */;
/*!40000 ALTER TABLE `role_has_permissions` ENABLE KEYS */;
UNLOCK TABLES;

--
-- Table structure for table `roles`
--

DROP TABLE IF EXISTS `roles`;
/*!40101 SET @saved_cs_client     = @@character_set_client */;
/*!50503 SET character_set_client = utf8mb4 */;
CREATE TABLE `roles` (
  `id` bigint unsigned NOT NULL AUTO_INCREMENT,
  `name` varchar(191) COLLATE utf8mb4_unicode_ci NOT NULL,
  `guard_name` varchar(191) COLLATE utf8mb4_unicode_ci NOT NULL,
  `created_at` timestamp NULL DEFAULT NULL,
  `updated_at` timestamp NULL DEFAULT NULL,
  PRIMARY KEY (`id`),
  UNIQUE KEY `roles_name_guard_name_unique` (`name`,`guard_name`)
) ENGINE=InnoDB DEFAULT CHARSET=utf8mb4 COLLATE=utf8mb4_unicode_ci;
/*!40101 SET character_set_client = @saved_cs_client */;

--
-- Dumping data for table `roles`
--

LOCK TABLES `roles` WRITE;
/*!40000 ALTER TABLE `roles` DISABLE KEYS */;
/*!40000 ALTER TABLE `roles` ENABLE KEYS */;
UNLOCK TABLES;

--
-- Table structure for table `users`
--

DROP TABLE IF EXISTS `users`;
/*!40101 SET @saved_cs_client     = @@character_set_client */;
/*!50503 SET character_set_client = utf8mb4 */;
CREATE TABLE `users` (
  `id` bigint unsigned NOT NULL AUTO_INCREMENT,
  `name` varchar(191) COLLATE utf8mb4_unicode_ci NOT NULL,
  `email` varchar(191) COLLATE utf8mb4_unicode_ci NOT NULL,
  `email_verified_at` timestamp NULL DEFAULT NULL,
  `password` varchar(191) COLLATE utf8mb4_unicode_ci NOT NULL,
  `role` varchar(191) COLLATE utf8mb4_unicode_ci NOT NULL DEFAULT 'admin',
  `remember_token` varchar(100) COLLATE utf8mb4_unicode_ci DEFAULT NULL,
  `created_at` timestamp NULL DEFAULT NULL,
  `updated_at` timestamp NULL DEFAULT NULL,
  PRIMARY KEY (`id`),
  UNIQUE KEY `users_email_unique` (`email`)
) ENGINE=InnoDB AUTO_INCREMENT=20 DEFAULT CHARSET=utf8mb4 COLLATE=utf8mb4_unicode_ci;
/*!40101 SET character_set_client = @saved_cs_client */;

--
-- Dumping data for table `users`
--

LOCK TABLES `users` WRITE;
/*!40000 ALTER TABLE `users` DISABLE KEYS */;
INSERT INTO `users` VALUES (1,'admin','admin@gigi.com',NULL,'$2y$10$2HnW012ZWxDGpOqpLlE6f.d/j4x6qV/rAzRK5axK.TmaynURSf5de','super_admin',NULL,'2026-04-23 00:02:08','2026-04-23 00:02:08'),(2,'Geo Ebert','wbalistreri@example.org','2026-04-23 00:02:11','$2y$10$z9T7hVRZ0Wu6ue4wts/hC.NYqGgonmVMyfv08WNTExXsgokBa/HIa','admin','y6hnderoOx','2026-04-23 00:02:11','2026-04-23 00:02:11'),(3,'Beverly Dare II','howe.lonzo@example.com','2026-04-23 00:02:11','$2y$10$/2gCEuZj1W5K8VRTMFmQOuSBt/7e5zOjodQmvF06nxLDOdpQxgBXu','admin','OUk8o6GJJ1','2026-04-23 00:02:11','2026-04-23 00:02:11'),(4,'Yoshiko Luettgen','robel.bella@example.org','2026-04-23 00:02:11','$2y$10$GiLMcXYlQOXJ18wBt.mZqencDXiR5VNfzckB39hnxaj4l4WYGQvLK','admin','Z1vlvK9MMB','2026-04-23 00:02:11','2026-04-23 00:02:11'),(5,'Jessy Zulauf','everardo.swaniawski@example.com','2026-04-23 00:02:11','$2y$10$1OjtiSusNn3DVnEYDOXqVeGiOBsMWYHW.p0PgHPSVSpBhiM1sOOSu','admin','DlMXWegweO','2026-04-23 00:02:11','2026-04-23 00:02:11'),(6,'Consuelo Rice','parisian.houston@example.org','2026-04-23 00:02:11','$2y$10$QAbAyCi/zCzLWMC8rAbFreHoBuoNSH8K.qeE7vw9vjYUVWhUVP3Ru','admin','imcrMBbpLM','2026-04-23 00:02:11','2026-04-23 00:02:11'),(7,'Catharine Crooks','elza45@example.org','2026-04-23 00:02:11','$2y$10$R6UVVujebPRUFZ51VYWoyu0Pq6waMZUcrJxexxcUXpNFcnY3nTE6.','admin','9QRxaiuxwG','2026-04-23 00:02:11','2026-04-23 00:02:11'),(8,'Mrs. Elyssa Olson II','evandervort@example.net','2026-04-23 00:02:11','$2y$10$QeyjNWiJ12ZB78g85GAmHeoABE1LNAyNJPQgTsSaCgZpDEd4Rc7Em','admin','fJqiSyzdJf','2026-04-23 00:02:11','2026-04-23 00:02:11'),(9,'Anibal Hettinger','skiles.maci@example.net','2026-04-23 00:02:11','$2y$10$pbPDZGsiFe8tLT8nQYACp.BaovsFE/qDjh0.Z1GLtHipG5rMsU9Zq','admin','aPohdUsIl5','2026-04-23 00:02:11','2026-04-23 00:02:11'),(10,'Webster Hoeger','kristoffer.muller@example.org','2026-04-23 00:02:11','$2y$10$cSjaOrA4be4hY6SNBh5bi.DxVy8Noqvt.5gW/ONQILwsN.va2tN4u','admin','adKQaRgMbT','2026-04-23 00:02:11','2026-04-23 00:02:11'),(11,'Dr. Magnus Greenholt','ernser.anika@example.net','2026-04-23 00:02:11','$2y$10$JHJcddWaVhe3YYSbQpEAm.C4ShCKb24Q6MwwhEQvvUOfpnW0enlPu','admin','qcrkfVQTNu','2026-04-23 00:02:12','2026-04-23 00:02:12'),(12,'Donald Conn','kutch.odell@example.com','2026-04-23 00:02:12','$2y$10$t6WEaz7FRVg9RcYa7ZsNc.hqHdW.xnuf/WAwNWNf2m3K9/IvdhHSK','admin','SOpBykVOig','2026-04-23 00:02:12','2026-04-23 00:02:12'),(13,'Elouise O\'Hara','gunnar.daniel@example.com','2026-04-23 00:02:12','$2y$10$cGhjLodUfsAUSnGo30ykCO/QUhnGxRfDLj49saCbjkn4anracWdU6','admin','W4nw8WQwja','2026-04-23 00:02:12','2026-04-23 00:02:12'),(14,'Adrianna Brakus','elta.conn@example.com','2026-04-23 00:02:12','$2y$10$bIWe4bMWB4M5DD.TOccMWunFzXklxxgkpdHoSdYok8pLSfKTKi3bG','admin','yJ4hapjl9M','2026-04-23 00:02:12','2026-04-23 00:02:12'),(15,'Eden Kessler','treutel.laurine@example.net','2026-04-23 00:02:12','$2y$10$9T0R2BkAEKfpCiLIlxd1yeriOn1E6IDSUzGdcoFASFXDPUNrD.13i','admin','TmKxpdfeS3','2026-04-23 00:02:12','2026-04-23 00:02:12'),(16,'Prof. Dedric Hane','qwitting@example.net','2026-04-23 00:02:12','$2y$10$or9v/EpCzPLj5zxVTdyEZeYtX1z2W891vx2g4JP4kGDgGtCKWpkbO','admin','00fRq5ecL7','2026-04-23 00:02:12','2026-04-23 00:02:12'),(17,'Carlos Enrique García','carlos@gigifashion.com',NULL,'$2y$10$7fYwTMAmqxLS66OXAd.s9uoyCjXa1x81l/c2PZ7Rlvu.b/8a/dO/y','empleado',NULL,'2026-04-23 00:27:28','2026-04-23 00:31:08'),(18,'Ibrahim Awada','ibrahim@gigifashion.com',NULL,'$2y$10$FD9wGP6r7Jcuha3QQJNahOy934LC/o6rOoy.WhuMDzUmn/YcLloAO','admin',NULL,'2026-04-23 00:28:32','2026-04-23 00:31:53'),(19,'Chú Rivas','chu@gigifashion.com',NULL,'$2y$10$bGz6eKyshc3zWOfYuHF3ee1VYymfodmeTaxEUGTjqi/J91VNp/qtC','empleado',NULL,'2026-04-23 15:05:20','2026-04-23 15:05:20');
/*!40000 ALTER TABLE `users` ENABLE KEYS */;
UNLOCK TABLES;

--
-- Table structure for table `vendors`
--

DROP TABLE IF EXISTS `vendors`;
/*!40101 SET @saved_cs_client     = @@character_set_client */;
/*!50503 SET character_set_client = utf8mb4 */;
CREATE TABLE `vendors` (
  `id` bigint unsigned NOT NULL AUTO_INCREMENT,
  `name` varchar(40) COLLATE utf8mb4_unicode_ci NOT NULL,
  `type_document` enum('CI','RIF') COLLATE utf8mb4_unicode_ci NOT NULL,
  `document` varchar(15) COLLATE utf8mb4_unicode_ci NOT NULL,
  `email` varchar(191) COLLATE utf8mb4_unicode_ci DEFAULT NULL,
  `phone` varchar(191) COLLATE utf8mb4_unicode_ci DEFAULT NULL,
  `description` varchar(1000) COLLATE utf8mb4_unicode_ci NOT NULL,
  `is_active` tinyint(1) NOT NULL DEFAULT '1',
  `deleted_at` timestamp NULL DEFAULT NULL,
  `created_at` timestamp NULL DEFAULT NULL,
  `updated_at` timestamp NULL DEFAULT NULL,
  PRIMARY KEY (`id`)
) ENGINE=InnoDB AUTO_INCREMENT=14 DEFAULT CHARSET=utf8mb4 COLLATE=utf8mb4_unicode_ci;
/*!40101 SET character_set_client = @saved_cs_client */;

--
-- Dumping data for table `vendors`
--

LOCK TABLES `vendors` WRITE;
/*!40000 ALTER TABLE `vendors` DISABLE KEYS */;
INSERT INTO `vendors` VALUES (1,'Cormier LLC','RIF','5256257','josephine.stanton@example.org','+1-616-916-7465','Mollitia est ipsa explicabo minima.',1,NULL,'2026-04-23 00:02:09','2026-04-23 17:15:45'),(2,'Bernhard Ltd','RIF','7273135','ehermann@example.org','1-458-251-8936','Consequatur consequatur eos quas doloribus unde voluptate ea.',1,NULL,'2026-04-23 00:02:09','2026-04-23 00:02:09'),(3,'Nader Inc','CI','23001832','qdaniel@example.org','1-786-873-4362','Libero et aspernatur qui aut est rem voluptatem.',1,NULL,'2026-04-23 00:02:09','2026-04-23 00:02:09'),(4,'West LLC','CI','69910507','kweissnat@example.com','+1 (640) 547-5624','Iure quisquam omnis corporis error doloremque qui quis.',1,NULL,'2026-04-23 00:02:09','2026-04-23 00:02:09'),(5,'Okuneva, Weissnat and Schaefer','RIF','24756591','ckerluke@example.net','+1.217.991.4048','Suscipit est neque fugit quia praesentium inventore in.',1,NULL,'2026-04-23 00:02:09','2026-04-23 00:02:09'),(6,'Tremblay-Macejkovic','RIF','67336828','zlang@example.com','661.524.9344','Quis nobis ratione nihil dolor.',1,NULL,'2026-04-23 00:02:09','2026-04-23 00:02:09'),(7,'Collier, Fay and Windler','RIF','58846571','christiansen.jenifer@example.org','1-623-660-4715','Fuga tempora optio et temporibus impedit.',1,NULL,'2026-04-23 00:02:09','2026-04-23 00:02:09'),(8,'Kris, Spencer and Doyle','CI','12959262','lindsey49@example.net','458-368-1364','Maiores quod magnam cupiditate et dolor odit omnis a.',1,NULL,'2026-04-23 00:02:09','2026-04-23 00:02:09'),(9,'Grady-Rau','CI','83248461','garrison74@example.net','+1-385-452-5576','Impedit eveniet et placeat est ullam repudiandae atque.',1,NULL,'2026-04-23 00:02:09','2026-04-23 00:02:09'),(10,'King, Treutel and Bashirian','CI','45267561','armand18@example.com','1-347-741-7443','Quam similique eum vero fugit.',1,NULL,'2026-04-23 00:02:09','2026-04-23 00:02:09'),(11,'Soluciones Hevilla','RIF','123435564','hevilla@business.com','029565423787','Proveedor de zapatos de cuero italiano.',1,NULL,'2026-04-23 14:49:43','2026-04-23 14:49:43'),(12,'Zapatos Johnny','CI','30067812','johnnyzapatero@gmail.com','02957845623','Prueba.',1,NULL,'2026-04-23 17:16:22','2026-04-23 17:16:22'),(13,'Best Group','RIF','126238121','jefe@bestgroup.com','02128739123','Distribuidor de zapatos y materiales de construcción.',1,NULL,'2026-04-23 17:38:11','2026-04-23 17:38:11');
/*!40000 ALTER TABLE `vendors` ENABLE KEYS */;
UNLOCK TABLES;
/*!40103 SET TIME_ZONE=@OLD_TIME_ZONE */;

/*!40101 SET SQL_MODE=@OLD_SQL_MODE */;
/*!40014 SET FOREIGN_KEY_CHECKS=@OLD_FOREIGN_KEY_CHECKS */;
/*!40014 SET UNIQUE_CHECKS=@OLD_UNIQUE_CHECKS */;
/*!40101 SET CHARACTER_SET_CLIENT=@OLD_CHARACTER_SET_CLIENT */;
/*!40101 SET CHARACTER_SET_RESULTS=@OLD_CHARACTER_SET_RESULTS */;
/*!40101 SET COLLATION_CONNECTION=@OLD_COLLATION_CONNECTION */;
/*!40111 SET SQL_NOTES=@OLD_SQL_NOTES */;

-- Dump completed on 2026-04-23 19:26:36
